TrnPeriodNumber,TrnEmpCode,TrnParCode,TrnAmount,TrnAffectAmount,TrnPrintFlag,TrnuserId,TrnRecordno,TrnDate,TrnRef
2,101,1,33000,0,2,zemy,76823,08-11-2017 00:00,
2,101,3,0,0,2,0,956945,15-09-2023 00:00,
2,101,4,30,0,2,0,938418,15-09-2023 00:00,
2,101,5,33000,0,2,0,938419,15-09-2023 00:00,
2,101,8,2200,0,2,zemy,76824,08-11-2017 00:00,
2,101,9,6800,0,0,zemy,117,15-09-2023 00:00,OT Card
2,101,11,0,0,2,0,956946,15-09-2023 00:00,
2,101,13,0,0,2,0,956947,15-09-2023 00:00,
2,101,15,0,0,2,0,956948,15-09-2023 00:00,
2,101,17,0,0,2,0,956949,15-09-2023 00:00,
2,101,18,3000,0,2,zemy,116,19-07-2017 00:00,
2,101,21,12430.02,0,2,0,61249,15-09-2023 00:00,
2,101,22,3630,0,2,0,797641,15-09-2023 00:00,
2,101,23,2310,0,2,0,797642,15-09-2023 00:00,
2,101,24,0,0,2,0,956950,15-09-2023 00:00,
2,101,25,0,0,2,0,956951,15-09-2023 00:00,
2,101,27,0,0,2,0,956952,15-09-2023 00:00,
2,101,33,0,0,2,0,956953,15-09-2023 00:00,
2,101,34,0,0,2,0,956954,15-09-2023 00:00,
2,101,35,0,0,2,0,956955,15-09-2023 00:00,
2,101,37,0,0,2,0,956956,15-09-2023 00:00,
2,101,39,0,0,2,0,956957,15-09-2023 00:00,
2,101,41,0,0,2,0,956958,15-09-2023 00:00,
2,101,44,0,0,2,0,956959,15-09-2023 00:00,
2,101,48,0,0,2,0,956960,15-09-2023 00:00,
2,101,50,0,0,2,0,956962,15-09-2023 00:00,
2,101,51,39800,0,2,0,938439,15-09-2023 00:00,
2,101,52,45000,0,2,0,938438,15-09-2023 00:00,
2,101,62,0,0,2,0,956961,15-09-2023 00:00,
2,101,99,30259.98,0,2,0,938436,15-09-2023 00:00,
2,102,1,32300,0,2,zemy,2,09-10-2017 00:00,
2,102,3,0,0,2,0,956963,15-09-2023 00:00,
2,102,4,30,0,2,0,938441,15-09-2023 00:00,
2,102,5,32300,0,2,0,938442,15-09-2023 00:00,
2,102,8,2200,0,2,zemy,1707,19-07-2017 00:00,
2,102,9,5000,0,0,zemy,1709,15-09-2023 00:00,OT Card
2,102,11,0,0,2,0,956964,15-09-2023 00:00,
2,102,13,0,0,2,0,956965,15-09-2023 00:00,
2,102,15,0,0,2,0,956966,15-09-2023 00:00,
2,102,17,0,0,2,0,956967,15-09-2023 00:00,
2,102,18,3000,0,2,zemy,1708,19-07-2017 00:00,
2,102,21,11555.02,0,2,0,61275,15-09-2023 00:00,
2,102,22,3553,0,2,0,394311,15-09-2023 00:00,
2,102,23,2261,0,2,0,394312,15-09-2023 00:00,
2,102,24,0,0,2,0,956968,15-09-2023 00:00,
2,102,25,0,0,2,0,956969,15-09-2023 00:00,
2,102,27,0,0,2,0,956970,15-09-2023 00:00,
2,102,33,0,0,2,0,956971,15-09-2023 00:00,
2,102,34,0,0,2,0,956972,15-09-2023 00:00,
2,102,35,0,0,2,0,956973,15-09-2023 00:00,
2,102,37,0,0,2,0,956974,15-09-2023 00:00,
2,102,39,0,0,2,0,956975,15-09-2023 00:00,
2,102,41,0,0,2,0,956976,15-09-2023 00:00,
2,102,44,0,0,2,0,956977,15-09-2023 00:00,
2,102,48,0,0,2,0,956978,15-09-2023 00:00,
2,102,50,0,0,2,0,956980,15-09-2023 00:00,
2,102,51,37300,0,2,0,938462,15-09-2023 00:00,
2,102,52,42500,0,2,0,938461,15-09-2023 00:00,
2,102,62,0,0,2,0,956979,15-09-2023 00:00,
2,102,99,28683.98,0,2,0,938459,15-09-2023 00:00,
2,103,1,18100,0,2,zemy,3,07-08-2023 00:00,
2,103,3,0,0,2,0,956981,15-09-2023 00:00,
2,103,4,30,0,2,0,938371,15-09-2023 00:00,
2,103,5,18100,0,2,0,938372,15-09-2023 00:00,
2,103,8,2200,0,2,zemy,1710,09-10-2017 00:00,
2,103,11,0,0,2,0,956982,15-09-2023 00:00,
2,103,13,0,0,2,0,956983,15-09-2023 00:00,
2,103,15,0,0,2,0,956984,15-09-2023 00:00,
2,103,17,0,0,2,0,956985,15-09-2023 00:00,
2,103,18,2200,0,2,zemy,108026,07-08-2023 00:00,
2,103,21,4835.02,0,2,0,61301,15-09-2023 00:00,
2,103,22,1991,0,2,0,471557,15-09-2023 00:00,
2,103,23,1267,0,2,0,471558,15-09-2023 00:00,
2,103,24,0,0,2,0,956986,15-09-2023 00:00,
2,103,25,0,0,2,0,956987,15-09-2023 00:00,
2,103,27,0,0,2,0,956988,15-09-2023 00:00,
2,103,33,0,0,2,0,956989,15-09-2023 00:00,
2,103,34,0,0,2,0,956990,15-09-2023 00:00,
2,103,35,0,0,2,0,956991,15-09-2023 00:00,
2,103,37,0,0,2,0,956992,15-09-2023 00:00,
2,103,39,0,0,2,0,956993,15-09-2023 00:00,
2,103,41,0,0,2,0,956994,15-09-2023 00:00,
2,103,44,0,0,2,0,956995,15-09-2023 00:00,
2,103,48,0,0,2,0,956996,15-09-2023 00:00,
2,103,50,0,0,2,0,956998,15-09-2023 00:00,
2,103,51,18100,0,2,0,938391,15-09-2023 00:00,
2,103,52,22500,0,2,0,938390,15-09-2023 00:00,
2,103,62,0,0,2,0,956997,15-09-2023 00:00,
2,103,99,16397.98,0,2,0,938388,15-09-2023 00:00,
2,104,1,9500,0,2,zemy,4,06-02-2020 00:00,
2,104,8,2000,0,2,zemy,1711,09-10-2017 00:00,
2,104,18,500,0,2,zemy,1712,09-10-2017 00:00,
2,104,21,1895.01,0,2,0,61327,05-01-2022 00:00,
2,104,22,1045,0,2,0,718200,05-01-2022 00:00,
2,104,23,665,0,2,0,718201,05-01-2022 00:00,
2,106,1,1800,0,2,sysadmin,6,01-01-2015 00:00,
2,106,3,0,0,2,0,956999,15-09-2023 00:00,
2,106,4,30,0,2,0,938481,15-09-2023 00:00,
2,106,5,1800,0,2,0,938482,15-09-2023 00:00,
2,106,8,400,0,2,zemy,1714,19-07-2017 00:00,
2,106,11,0,0,2,0,957000,15-09-2023 00:00,
2,106,13,0,0,2,0,957001,15-09-2023 00:00,
2,106,15,0,0,2,0,957002,15-09-2023 00:00,
2,106,17,0,0,2,0,957003,15-09-2023 00:00,
2,106,21,127.5,0,2,0,61379,15-09-2023 00:00,
2,106,22,198,0,2,0,540855,15-09-2023 00:00,
2,106,23,126,0,2,0,540856,15-09-2023 00:00,
2,106,24,0,0,2,0,957004,15-09-2023 00:00,
2,106,25,0,0,2,0,957005,15-09-2023 00:00,
2,106,27,0,0,2,0,957006,15-09-2023 00:00,
2,106,33,0,0,2,0,957007,15-09-2023 00:00,
2,106,34,0,0,2,0,957008,15-09-2023 00:00,
2,106,35,0,0,2,0,957009,15-09-2023 00:00,
2,106,37,0,0,2,0,957010,15-09-2023 00:00,
2,106,39,0,0,2,0,957011,15-09-2023 00:00,
2,106,41,0,0,2,0,957012,15-09-2023 00:00,
2,106,44,0,0,2,0,957013,15-09-2023 00:00,
2,106,48,0,0,2,0,957014,15-09-2023 00:00,
2,106,50,0,0,2,0,957016,15-09-2023 00:00,
2,106,51,1800,0,2,0,938502,15-09-2023 00:00,
2,106,52,2200,0,2,0,938501,15-09-2023 00:00,
2,106,62,0,0,2,0,957015,15-09-2023 00:00,
2,106,99,1946.5,0,2,0,938499,15-09-2023 00:00,
2,107,1,5600,0,2,zemy,7,06-02-2020 00:00,
2,107,8,1200,0,2,zemy,1715,09-10-2017 00:00,
2,107,18,1000,0,2,zemy,659503,05-06-2021 00:00,
2,107,21,835.01,0,2,0,61405,04-01-2022 00:00,
2,107,22,616,0,2,0,380494,04-01-2022 00:00,
2,107,23,392,0,2,0,380495,04-01-2022 00:00,
2,108,1,9000,0,2,zemy,8,05-08-2023 00:00,
2,108,3,0,0,2,0,957017,15-09-2023 00:00,
2,108,4,30,0,2,0,938504,15-09-2023 00:00,
2,108,5,9000,0,2,0,938505,15-09-2023 00:00,
2,108,8,2000,0,2,zemy,61,05-06-2021 00:00,
2,108,11,0,0,2,0,957018,15-09-2023 00:00,
2,108,13,0,0,2,0,957019,15-09-2023 00:00,
2,108,15,0,0,2,0,957020,15-09-2023 00:00,
2,108,17,0,0,2,0,957021,15-09-2023 00:00,
2,108,18,2000,0,2,zemy,659502,05-08-2023 00:00,
2,108,21,1745.01,0,2,0,61431,15-09-2023 00:00,
2,108,22,990,0,2,0,933595,15-09-2023 00:00,
2,108,23,630,0,2,0,933596,15-09-2023 00:00,
2,108,24,0,0,2,0,957022,15-09-2023 00:00,
2,108,25,0,0,2,0,957023,15-09-2023 00:00,
2,108,27,0,0,2,0,957024,15-09-2023 00:00,
2,108,33,0,0,2,0,957025,15-09-2023 00:00,
2,108,34,0,0,2,0,957026,15-09-2023 00:00,
2,108,35,0,0,2,0,957027,15-09-2023 00:00,
2,108,37,0,0,2,0,957028,15-09-2023 00:00,
2,108,39,0,0,2,0,957029,15-09-2023 00:00,
2,108,41,0,0,2,0,957030,15-09-2023 00:00,
2,108,44,0,0,2,0,957031,15-09-2023 00:00,
2,108,48,0,0,2,0,957032,15-09-2023 00:00,
2,108,50,0,0,2,0,957034,15-09-2023 00:00,
2,108,51,9000,0,2,0,938525,15-09-2023 00:00,
2,108,52,13000,0,2,0,938524,15-09-2023 00:00,
2,108,62,0,0,2,0,957033,15-09-2023 00:00,
2,108,99,10624.99,0,2,0,938522,15-09-2023 00:00,
2,109,1,6400,0,2,zemy,9,05-08-2023 00:00,
2,109,3,0,0,2,0,957035,15-09-2023 00:00,
2,109,4,30,0,2,0,937681,15-09-2023 00:00,
2,109,5,6400,0,2,0,937682,15-09-2023 00:00,
2,109,8,1600,0,2,zemy,1716,05-08-2023 00:00,
2,109,11,0,0,2,0,957036,15-09-2023 00:00,
2,109,13,0,0,2,0,957037,15-09-2023 00:00,
2,109,15,0,0,2,0,957038,15-09-2023 00:00,
2,109,17,0,0,2,0,957039,15-09-2023 00:00,
2,109,21,1035.01,0,2,0,61457,15-09-2023 00:00,
2,109,22,704,0,2,0,936200,15-09-2023 00:00,
2,109,23,448,0,2,0,936201,15-09-2023 00:00,
2,109,24,0,0,2,0,957040,15-09-2023 00:00,
2,109,25,0,0,2,0,957041,15-09-2023 00:00,
2,109,27,0,0,2,0,957042,15-09-2023 00:00,
2,109,33,500,0,2,0,931008,15-09-2023 00:00,
2,109,34,0,0,2,0,957043,15-09-2023 00:00,
2,109,35,0,0,2,0,957044,15-09-2023 00:00,
2,109,37,0,0,2,0,957045,15-09-2023 00:00,
2,109,39,0,0,2,0,957046,15-09-2023 00:00,
2,109,41,0,0,2,0,957047,15-09-2023 00:00,
2,109,44,0,0,2,0,957048,15-09-2023 00:00,
2,109,46,1000,0,2,zemy,775833,22-07-2023 00:00,
2,109,48,0,0,2,0,957049,15-09-2023 00:00,
2,109,50,0,0,2,0,957051,15-09-2023 00:00,
2,109,51,6400,0,2,0,937701,15-09-2023 00:00,
2,109,52,8000,0,2,0,937700,15-09-2023 00:00,
2,109,62,0,0,2,0,957050,15-09-2023 00:00,
2,109,99,5016.99,0,2,0,937698,15-09-2023 00:00,
2,110,1,7000,0,2,zemy,10,06-08-2022 00:00,
2,110,3,0,0,2,0,957052,15-09-2023 00:00,
2,110,4,30,0,2,0,937905,15-09-2023 00:00,
2,110,5,7000,0,2,0,937906,15-09-2023 00:00,
2,110,8,1500,0,2,zemy,1717,05-08-2022 00:00,
2,110,11,0,0,2,0,957053,15-09-2023 00:00,
2,110,13,0,0,2,0,957054,15-09-2023 00:00,
2,110,15,0,0,2,0,957055,15-09-2023 00:00,
2,110,17,0,0,2,0,957056,15-09-2023 00:00,
2,110,18,1000,0,2,zemy,787247,06-08-2022 00:00,
2,110,21,1185.01,0,2,0,61483,15-09-2023 00:00,
2,110,22,770,0,2,0,540942,15-09-2023 00:00,
2,110,23,490,0,2,0,540943,15-09-2023 00:00,
2,110,24,0,0,2,0,957057,15-09-2023 00:00,
2,110,25,0,0,2,0,957058,15-09-2023 00:00,
2,110,27,0,0,2,0,957059,15-09-2023 00:00,
2,110,33,500,0,2,0,868253,15-09-2023 00:00,
2,110,34,0,0,2,0,957060,15-09-2023 00:00,
2,110,35,0,0,2,0,957061,15-09-2023 00:00,
2,110,37,0,0,2,0,957062,15-09-2023 00:00,
2,110,39,0,0,2,0,957063,15-09-2023 00:00,
2,110,41,0,0,2,0,957064,15-09-2023 00:00,
2,110,44,0,0,2,0,957065,15-09-2023 00:00,
2,110,48,0,0,2,0,957066,15-09-2023 00:00,
2,110,50,0,0,2,0,957068,15-09-2023 00:00,
2,110,51,7000,0,2,0,937925,15-09-2023 00:00,
2,110,52,9500,0,2,0,937924,15-09-2023 00:00,
2,110,62,0,0,2,0,957067,15-09-2023 00:00,
2,110,99,7324.99,0,2,0,937922,15-09-2023 00:00,
2,112,1,4700,0,2,zemy,12,09-10-2017 00:00,
2,112,8,1100,0,2,zemy,1720,09-10-2017 00:00,
2,112,21,637.5,0,2,0,61535,08-04-2019 00:00,
2,112,22,517,0,2,0,78435,08-04-2019 00:00,
2,112,23,329,0,2,0,78436,08-04-2019 00:00,
2,114,1,7500,0,2,zemy,14,05-07-2021 00:00,
2,114,21,1310.01,0,2,0,61561,05-06-2023 00:00,
2,114,22,825,0,2,0,78455,05-06-2023 00:00,
2,114,23,525,0,2,0,78456,05-06-2023 00:00,
2,115,1,10100,0,2,zemy,15,06-02-2020 00:00,
2,115,8,2200,0,2,zemy,1723,09-10-2017 00:00,
2,115,21,2075.01,0,2,0,61587,05-01-2022 00:00,
2,115,22,1111,0,2,0,78475,05-01-2022 00:00,
2,115,23,707,0,2,0,78476,05-01-2022 00:00,
2,116,1,6500,0,2,zemy,16,10-08-2023 00:00,
2,116,3,0,0,2,0,957069,15-09-2023 00:00,
2,116,4,30,0,2,0,937703,15-09-2023 00:00,
2,116,5,6500,0,2,0,937704,15-09-2023 00:00,
2,116,8,2000,0,2,zemy,1724,10-08-2023 00:00,
2,116,11,0,0,2,0,957070,15-09-2023 00:00,
2,116,13,0,0,2,0,957071,15-09-2023 00:00,
2,116,15,0,0,2,0,957072,15-09-2023 00:00,
2,116,17,0,0,2,0,957073,15-09-2023 00:00,
2,116,18,2000,0,2,zemy,934778,10-08-2023 00:00,
2,116,21,1060.01,0,2,0,61613,15-09-2023 00:00,
2,116,22,715,0,2,0,423533,15-09-2023 00:00,
2,116,23,455,0,2,0,423534,15-09-2023 00:00,
2,116,24,0,0,2,0,957074,15-09-2023 00:00,
2,116,25,0,0,2,0,957075,15-09-2023 00:00,
2,116,27,0,0,2,0,957076,15-09-2023 00:00,
2,116,33,0,0,2,0,957077,15-09-2023 00:00,
2,116,34,0,0,2,0,957078,15-09-2023 00:00,
2,116,35,0,0,2,0,957079,15-09-2023 00:00,
2,116,37,0,0,2,0,957080,15-09-2023 00:00,
2,116,39,0,0,2,0,957081,15-09-2023 00:00,
2,116,41,0,0,2,0,957082,15-09-2023 00:00,
2,116,44,0,0,2,0,957083,15-09-2023 00:00,
2,116,48,0,0,2,0,957084,15-09-2023 00:00,
2,116,50,0,0,2,0,957086,15-09-2023 00:00,
2,116,51,6500,0,2,0,937723,15-09-2023 00:00,
2,116,52,10500,0,2,0,937722,15-09-2023 00:00,
2,116,62,0,0,2,0,957085,15-09-2023 00:00,
2,116,99,8984.99,0,2,0,937720,15-09-2023 00:00,
2,117,1,7400,0,2,zemy,17,08-10-2019 00:00,
2,117,8,1600,0,2,zemy,1725,08-10-2019 00:00,
2,117,21,1285.01,0,2,0,61639,07-04-2021 00:00,
2,117,22,814,0,2,0,539752,07-04-2021 00:00,
2,117,23,518,0,2,0,539753,07-04-2021 00:00,
2,118,1,11000,0,2,zemy,18,05-08-2022 00:00,
2,118,8,2000,0,2,zemy,1726,09-10-2017 00:00,
2,118,18,1000,0,2,zemy,1727,09-10-2017 00:00,
2,118,21,2350.02,0,2,0,61665,11-07-2023 00:00,
2,118,22,1210,0,2,0,541053,11-07-2023 00:00,
2,118,23,770,0,2,0,541054,11-07-2023 00:00,
2,119,1,7011,0,2,zemy,19,05-08-2023 00:00,
2,119,4,30,0,2,0,938579,06-09-2023 00:00,
2,119,5,7011,0,2,0,938580,06-09-2023 00:00,
2,119,8,1400,0,2,zemy,88,05-01-2023 00:00,
2,119,21,1187.76,0,2,0,61691,06-09-2023 00:00,
2,119,22,771.21,0,2,0,667160,06-09-2023 00:00,
2,119,23,490.77,0,2,0,667161,06-09-2023 00:00,
2,119,51,7011,0,2,0,938600,06-09-2023 00:00,
2,119,52,8411,0,2,0,938599,06-09-2023 00:00,
2,119,99,6732.47,0,2,0,938597,06-09-2023 00:00,
2,121,1,6000,0,2,zemy,21,05-08-2022 00:00,
2,121,8,1500,0,2,zemy,4000,05-08-2022 00:00,
2,121,21,935.01,0,2,0,61743,09-11-2022 00:00,
2,121,22,660,0,2,0,498567,09-11-2022 00:00,
2,121,23,420,0,2,0,498568,09-11-2022 00:00,
2,122,1,5200,0,2,zemy,22,05-08-2023 00:00,
2,122,3,0,0,2,0,957087,15-09-2023 00:00,
2,122,4,30,0,2,0,938161,15-09-2023 00:00,
2,122,5,5200,0,2,0,938162,15-09-2023 00:00,
2,122,8,1200,0,2,zemy,4005,05-08-2023 00:00,
2,122,11,0,0,2,0,957088,15-09-2023 00:00,
2,122,12,14,0,0,zemy,955647,11-09-2023 00:00,
2,122,13,663.55,0,2,0,955829,15-09-2023 00:00,
2,122,14,16,0,0,zemy,955648,11-09-2023 00:00,
2,122,15,866.66,0,2,0,955830,15-09-2023 00:00,
2,122,17,0,0,2,0,957089,15-09-2023 00:00,
2,122,21,1117.56,0,2,0,61769,15-09-2023 00:00,
2,122,22,572,0,2,0,232302,15-09-2023 00:00,
2,122,23,364,0,2,0,232303,15-09-2023 00:00,
2,122,24,0,0,2,0,957090,15-09-2023 00:00,
2,122,25,0,0,2,0,957091,15-09-2023 00:00,
2,122,27,0,0,2,0,957092,15-09-2023 00:00,
2,122,33,0,0,2,0,957093,15-09-2023 00:00,
2,122,34,0,0,2,0,957094,15-09-2023 00:00,
2,122,35,0,0,2,0,957095,15-09-2023 00:00,
2,122,37,0,0,2,0,957096,15-09-2023 00:00,
2,122,39,0,0,2,0,957097,15-09-2023 00:00,
2,122,41,0,0,2,0,957098,15-09-2023 00:00,
2,122,44,0,0,2,0,957099,15-09-2023 00:00,
2,122,46,800,0,2,zemy,775832,06-07-2022 00:00,
2,122,48,0,0,2,0,957100,15-09-2023 00:00,
2,122,50,1530.21,0,2,0,955844,15-09-2023 00:00,
2,122,51,6730.21,0,2,0,938182,15-09-2023 00:00,
2,122,52,7930.21,0,2,0,938181,15-09-2023 00:00,
2,122,62,0,0,2,0,957101,15-09-2023 00:00,
2,122,99,5648.65,0,2,0,938179,15-09-2023 00:00,
2,123,1,11300,0,2,zemy,23,12-10-2020 00:00,
2,123,8,3000,0,2,zemy,4010,15-04-2020 00:00,
2,123,9,4615.4,0,2,zemy,557027,05-08-2022 00:00,OT Card
2,123,18,4500,0,2,zemy,4011,04-02-2021 00:00,
2,123,21,4070.41,0,2,0,61795,05-08-2022 00:00,
2,123,22,1243,0,2,0,670910,05-08-2022 00:00,
2,123,23,791,0,2,0,670911,05-08-2022 00:00,
2,124,1,2800,0,2,zemy,24,05-08-2023 00:00,
2,124,3,0,0,2,0,957102,15-09-2023 00:00,
2,124,4,30,0,2,0,938184,15-09-2023 00:00,
2,124,5,2800,0,2,0,938185,15-09-2023 00:00,
2,124,8,600,0,2,zemy,4015,06-02-2020 00:00,
2,124,11,0,0,2,0,957103,15-09-2023 00:00,
2,124,13,0,0,2,0,957104,15-09-2023 00:00,
2,124,15,0,0,2,0,957105,15-09-2023 00:00,
2,124,17,0,0,2,0,957106,15-09-2023 00:00,
2,124,21,277.5,0,2,0,61821,15-09-2023 00:00,
2,124,22,308,0,2,0,78653,15-09-2023 00:00,
2,124,23,196,0,2,0,78654,15-09-2023 00:00,
2,124,24,0,0,2,0,957107,15-09-2023 00:00,
2,124,25,0,0,2,0,957108,15-09-2023 00:00,
2,124,27,0,0,2,0,957109,15-09-2023 00:00,
2,124,33,300,0,2,0,817760,15-09-2023 00:00,
2,124,34,0,0,2,0,957110,15-09-2023 00:00,
2,124,35,0,0,2,0,957111,15-09-2023 00:00,
2,124,37,0,0,2,0,957112,15-09-2023 00:00,
2,124,39,0,0,2,0,957113,15-09-2023 00:00,
2,124,41,0,0,2,0,957114,15-09-2023 00:00,
2,124,44,0,0,2,0,957115,15-09-2023 00:00,
2,124,46,400,0,2,zemy,812667,10-10-2022 00:00,
2,124,48,0,0,2,0,957116,15-09-2023 00:00,
2,124,50,0,0,2,0,957118,15-09-2023 00:00,
2,124,51,2800,0,2,0,938204,15-09-2023 00:00,
2,124,52,3400,0,2,0,938203,15-09-2023 00:00,
2,124,62,0,0,2,0,957117,15-09-2023 00:00,
2,124,99,2226.5,0,2,0,938201,15-09-2023 00:00,
2,125,1,15800,0,2,zemy,25,07-08-2023 00:00,
2,125,3,0,0,2,0,957119,15-09-2023 00:00,
2,125,4,30,0,2,0,938637,15-09-2023 00:00,
2,125,5,15800,0,2,0,938638,15-09-2023 00:00,
2,125,8,2000,0,2,zemy,4017,08-12-2020 00:00,
2,125,11,0,0,2,0,957120,15-09-2023 00:00,
2,125,13,0,0,2,0,957121,15-09-2023 00:00,
2,125,15,0,0,2,0,957122,15-09-2023 00:00,
2,125,17,0,0,2,0,957123,15-09-2023 00:00,
2,125,18,2200,0,2,zemy,778310,07-08-2023 00:00,
2,125,21,4030.02,0,2,0,61847,15-09-2023 00:00,
2,125,22,1738,0,2,0,929739,15-09-2023 00:00,
2,125,23,1106,0,2,0,929740,15-09-2023 00:00,
2,125,24,0,0,2,0,957124,15-09-2023 00:00,
2,125,25,0,0,2,0,957125,15-09-2023 00:00,
2,125,27,0,0,2,0,957126,15-09-2023 00:00,
2,125,33,0,0,2,0,957127,15-09-2023 00:00,
2,125,34,0,0,2,0,957128,15-09-2023 00:00,
2,125,35,0,0,2,0,957129,15-09-2023 00:00,
2,125,37,0,0,2,0,957130,15-09-2023 00:00,
2,125,39,0,0,2,0,957131,15-09-2023 00:00,
2,125,41,0,0,2,0,957132,15-09-2023 00:00,
2,125,44,0,0,2,0,957133,15-09-2023 00:00,
2,125,48,0,0,2,0,957134,15-09-2023 00:00,
2,125,50,0,0,2,0,957136,15-09-2023 00:00,
2,125,51,15800,0,2,0,938658,15-09-2023 00:00,
2,125,52,20000,0,2,0,938657,15-09-2023 00:00,
2,125,62,0,0,2,0,957135,15-09-2023 00:00,
2,125,99,14863.98,0,2,0,938655,15-09-2023 00:00,
2,126,1,1000,0,2,sysadmin,26,01-01-2015 00:00,
2,126,8,100,0,2,zemy,4019,19-07-2017 00:00,
2,127,1,9000,0,2,zemy,27,05-08-2023 00:00,
2,127,3,0,0,2,0,957137,15-09-2023 00:00,
2,127,4,30,0,2,0,938044,15-09-2023 00:00,
2,127,5,9000,0,2,0,938045,15-09-2023 00:00,
2,127,8,1000,0,2,zemy,4021,05-08-2022 00:00,
2,127,11,0,0,2,0,957138,15-09-2023 00:00,
2,127,13,0,0,2,0,957139,15-09-2023 00:00,
2,127,15,0,0,2,0,957140,15-09-2023 00:00,
2,127,17,0,0,2,0,957141,15-09-2023 00:00,
2,127,21,1745.01,0,2,0,288036,15-09-2023 00:00,
2,127,22,990,0,2,0,413065,15-09-2023 00:00,
2,127,23,630,0,2,0,413066,15-09-2023 00:00,
2,127,24,0,0,2,0,957142,15-09-2023 00:00,
2,127,25,0,0,2,0,957143,15-09-2023 00:00,
2,127,27,0,0,2,0,957144,15-09-2023 00:00,
2,127,33,500,0,2,0,783914,15-09-2023 00:00,
2,127,34,0,0,2,0,957145,15-09-2023 00:00,
2,127,35,0,0,2,0,957146,15-09-2023 00:00,
2,127,37,0,0,2,0,957147,15-09-2023 00:00,
2,127,39,0,0,2,0,957148,15-09-2023 00:00,
2,127,41,0,0,2,0,957149,15-09-2023 00:00,
2,127,44,0,0,2,0,957150,15-09-2023 00:00,
2,127,48,0,0,2,0,957151,15-09-2023 00:00,
2,127,50,0,0,2,0,957153,15-09-2023 00:00,
2,127,51,9000,0,2,0,938064,15-09-2023 00:00,
2,127,52,10000,0,2,0,938063,15-09-2023 00:00,
2,127,62,0,0,2,0,957152,15-09-2023 00:00,
2,127,99,7124.99,0,2,0,938061,15-09-2023 00:00,
2,128,1,7500,0,2,zemy,28,05-08-2023 00:00,
2,128,3,0,0,2,0,957154,15-09-2023 00:00,
2,128,4,30,0,2,0,938677,15-09-2023 00:00,
2,128,5,7500,0,2,0,938678,15-09-2023 00:00,
2,128,8,1000,0,2,zemy,4024,05-08-2022 00:00,
2,128,11,0,0,2,0,957155,15-09-2023 00:00,
2,128,12,14,0,0,zemy,955643,11-09-2023 00:00,
2,128,13,957.04,0,2,0,955899,15-09-2023 00:00,
2,128,14,23,0,0,zemy,955644,11-09-2023 00:00,
2,128,15,1796.88,0,2,0,955900,15-09-2023 00:00,
2,128,17,0,0,2,0,957156,15-09-2023 00:00,
2,128,21,2121.19,0,2,0,61899,15-09-2023 00:00,
2,128,22,825,0,2,0,232387,15-09-2023 00:00,
2,128,23,525,0,2,0,232388,15-09-2023 00:00,
2,128,24,0,0,2,0,957157,15-09-2023 00:00,
2,128,25,0,0,2,0,957158,15-09-2023 00:00,
2,128,27,0,0,2,0,957159,15-09-2023 00:00,
2,128,33,0,0,2,0,957160,15-09-2023 00:00,
2,128,34,0,0,2,0,957161,15-09-2023 00:00,
2,128,35,0,0,2,0,957162,15-09-2023 00:00,
2,128,37,0,0,2,0,957163,15-09-2023 00:00,
2,128,39,0,0,2,0,957164,15-09-2023 00:00,
2,128,41,0,0,2,0,957165,15-09-2023 00:00,
2,128,44,0,0,2,0,957166,15-09-2023 00:00,
2,128,46,400,0,2,zemy,792709,06-08-2022 00:00,
2,128,48,0,0,2,0,957167,15-09-2023 00:00,
2,128,50,2753.92,0,2,0,955914,15-09-2023 00:00,
2,128,51,10253.92,0,2,0,938698,15-09-2023 00:00,
2,128,52,11253.92,0,2,0,938697,15-09-2023 00:00,
2,128,62,0,0,2,0,957168,15-09-2023 00:00,
2,128,99,8207.73,0,2,0,938695,15-09-2023 00:00,
2,129,1,5200,0,2,zemy,29,09-10-2017 00:00,
2,129,8,1200,0,2,zemy,4028,09-10-2017 00:00,
2,129,21,737.5,0,2,0,61925,11-11-2019 00:00,
2,129,22,572,0,2,0,78729,11-11-2019 00:00,
2,129,23,364,0,2,0,78730,11-11-2019 00:00,
2,130,21,960.01,0,2,0,61951,13-11-2017 00:00,
2,130,22,671,0,2,0,78749,13-11-2017 00:00,
2,130,23,427,0,2,0,78750,13-11-2017 00:00,
2,132,21,112.5,0,2,0,61996,02-01-2018 00:00,
2,132,22,187,0,2,0,78787,02-01-2018 00:00,
2,132,23,119,0,2,0,78788,02-01-2018 00:00,
2,133,1,6500,0,2,zemy,778308,07-08-2023 00:00,
2,133,3,0,0,2,0,957169,15-09-2023 00:00,
2,133,4,30,0,2,0,938206,15-09-2023 00:00,
2,133,5,6500,0,2,0,938207,15-09-2023 00:00,
2,133,8,1550,0,2,zemy,4037,07-08-2023 00:00,
2,133,11,0,0,2,0,957170,15-09-2023 00:00,
2,133,12,14,0,0,zemy,955645,11-09-2023 00:00,
2,133,13,829.43,0,2,0,955917,15-09-2023 00:00,
2,133,14,25,0,0,zemy,955646,11-09-2023 00:00,
2,133,15,1692.72,0,2,0,955918,15-09-2023 00:00,
2,133,17,0,0,2,0,957171,15-09-2023 00:00,
2,133,21,1751.66,0,2,0,62022,15-09-2023 00:00,
2,133,22,715,0,2,0,264565,15-09-2023 00:00,
2,133,23,455,0,2,0,264566,15-09-2023 00:00,
2,133,24,0,0,2,0,957172,15-09-2023 00:00,
2,133,25,0,0,2,0,957173,15-09-2023 00:00,
2,133,27,0,0,2,0,957174,15-09-2023 00:00,
2,133,33,1000,0,2,0,815715,15-09-2023 00:00,
2,133,34,0,0,2,0,957175,15-09-2023 00:00,
2,133,35,0,0,2,0,957176,15-09-2023 00:00,
2,133,37,0,0,2,0,957177,15-09-2023 00:00,
2,133,39,0,0,2,0,957178,15-09-2023 00:00,
2,133,41,0,0,2,0,957179,15-09-2023 00:00,
2,133,44,0,0,2,0,957180,15-09-2023 00:00,
2,133,46,800,0,2,zemy,792710,06-08-2022 00:00,
2,133,48,0,0,2,0,957181,15-09-2023 00:00,
2,133,50,2522.15,0,2,0,955931,15-09-2023 00:00,
2,133,51,9022.15,0,2,0,938226,15-09-2023 00:00,
2,133,52,10572.15,0,2,0,938225,15-09-2023 00:00,
2,133,62,0,0,2,0,957182,15-09-2023 00:00,
2,133,99,6565.49,0,2,0,938223,15-09-2023 00:00,
2,134,1,13000,0,2,zemy,34,05-08-2023 00:00,
2,134,3,0,0,2,0,957183,15-09-2023 00:00,
2,134,4,30,0,2,0,938717,15-09-2023 00:00,
2,134,5,13000,0,2,0,938718,15-09-2023 00:00,
2,134,8,2000,0,2,zemy,4042,08-12-2020 00:00,
2,134,11,0,0,2,0,957184,15-09-2023 00:00,
2,134,13,0,0,2,0,957185,15-09-2023 00:00,
2,134,15,0,0,2,0,957186,15-09-2023 00:00,
2,134,17,0,0,2,0,957187,15-09-2023 00:00,
2,134,21,3050.02,0,2,0,62048,15-09-2023 00:00,
2,134,22,0,0,2,0,957188,15-09-2023 00:00,
2,134,23,0,0,2,0,957189,15-09-2023 00:00,
2,134,24,0,0,2,0,957190,15-09-2023 00:00,
2,134,25,0,0,2,0,957191,15-09-2023 00:00,
2,134,27,0,0,2,0,957192,15-09-2023 00:00,
2,134,33,0,0,2,0,957193,15-09-2023 00:00,
2,134,34,0,0,2,0,957194,15-09-2023 00:00,
2,134,35,0,0,2,0,957195,15-09-2023 00:00,
2,134,37,0,0,2,0,957196,15-09-2023 00:00,
2,134,39,0,0,2,0,957197,15-09-2023 00:00,
2,134,41,0,0,2,0,957198,15-09-2023 00:00,
2,134,44,0,0,2,0,957199,15-09-2023 00:00,
2,134,48,0,0,2,0,957200,15-09-2023 00:00,
2,134,50,0,0,2,0,957202,15-09-2023 00:00,
2,134,51,13000,0,2,0,938740,15-09-2023 00:00,
2,134,52,15000,0,2,0,938739,15-09-2023 00:00,
2,134,62,0,0,2,0,957201,15-09-2023 00:00,
2,134,99,11949.98,0,2,0,938737,15-09-2023 00:00,
2,135,1,2200,0,2,zemy,35,09-10-2017 00:00,
2,135,8,500,0,2,zemy,4043,09-10-2017 00:00,
2,135,21,187.5,0,2,0,62074,13-04-2019 00:00,
2,135,22,242,0,2,0,257445,13-04-2019 00:00,
2,135,23,154,0,2,0,257446,13-04-2019 00:00,
2,136,1,5500,0,2,zemy,36,07-08-2023 00:00,
2,136,3,0,0,2,0,957203,15-09-2023 00:00,
2,136,4,30,0,2,0,937725,15-09-2023 00:00,
2,136,5,5500,0,2,0,937726,15-09-2023 00:00,
2,136,8,1300,0,2,zemy,4046,07-08-2023 00:00,
2,136,11,0,0,2,0,957204,15-09-2023 00:00,
2,136,13,0,0,2,0,957205,15-09-2023 00:00,
2,136,15,0,0,2,0,957206,15-09-2023 00:00,
2,136,17,0,0,2,0,957207,15-09-2023 00:00,
2,136,21,810.01,0,2,0,62100,15-09-2023 00:00,
2,136,22,605,0,2,0,929854,15-09-2023 00:00,
2,136,23,385,0,2,0,929855,15-09-2023 00:00,
2,136,24,0,0,2,0,957208,15-09-2023 00:00,
2,136,25,0,0,2,0,957209,15-09-2023 00:00,
2,136,27,0,0,2,0,957210,15-09-2023 00:00,
2,136,32,251.2,0,0,zemy,954368,06-09-2023 00:00,
2,136,33,600,0,2,0,843700,15-09-2023 00:00,
2,136,34,0,0,2,0,957211,15-09-2023 00:00,
2,136,35,0,0,2,0,957212,15-09-2023 00:00,
2,136,37,0,0,2,0,957213,15-09-2023 00:00,
2,136,39,0,0,2,0,957214,15-09-2023 00:00,
2,136,41,0,0,2,0,957215,15-09-2023 00:00,
2,136,44,0,0,2,0,957216,15-09-2023 00:00,
2,136,46,1000,0,2,zemy,799825,07-06-2023 00:00,
2,136,48,0,0,2,0,957217,15-09-2023 00:00,
2,136,50,0,0,2,0,957219,15-09-2023 00:00,
2,136,51,5500,0,2,0,937745,15-09-2023 00:00,
2,136,52,6800,0,2,0,937744,15-09-2023 00:00,
2,136,62,0,0,2,0,957218,15-09-2023 00:00,
2,136,99,3753.79,0,2,0,937742,15-09-2023 00:00,
2,137,1,3400,0,2,zemy,37,06-02-2020 00:00,
2,137,8,600,0,2,zemy,4049,06-02-2020 00:00,
2,137,21,377.5,0,2,0,62126,08-04-2022 00:00,
2,137,22,374,0,2,0,399718,08-04-2022 00:00,
2,137,23,238,0,2,0,399719,08-04-2022 00:00,
2,137,33,417,0,2,0,733992,08-04-2022 00:00,
2,138,1,7000,0,2,zemy,38,05-08-2023 00:00,
2,138,3,0,0,2,0,957220,15-09-2023 00:00,
2,138,4,30,0,2,0,937747,15-09-2023 00:00,
2,138,5,7000,0,2,0,937748,15-09-2023 00:00,
2,138,8,800,0,2,zemy,4051,08-12-2020 00:00,
2,138,10,5,0,0,zemy,955660,11-09-2023 00:00,
2,138,11,273.44,0,2,0,955970,15-09-2023 00:00,
2,138,12,20,0,0,zemy,955661,11-09-2023 00:00,
2,138,13,1276.05,0,2,0,955971,15-09-2023 00:00,
2,138,14,16,0,0,zemy,955662,11-09-2023 00:00,
2,138,15,1166.66,0,2,0,955972,15-09-2023 00:00,
2,138,17,0,0,2,0,957221,15-09-2023 00:00,
2,138,21,1959.86,0,2,0,62152,15-09-2023 00:00,
2,138,22,770,0,2,0,232518,15-09-2023 00:00,
2,138,23,490,0,2,0,232519,15-09-2023 00:00,
2,138,24,0,0,2,0,957222,15-09-2023 00:00,
2,138,25,0,0,2,0,957223,15-09-2023 00:00,
2,138,27,0,0,2,0,957224,15-09-2023 00:00,
2,138,33,417,0,2,0,783915,15-09-2023 00:00,
2,138,34,0,0,2,0,957225,15-09-2023 00:00,
2,138,35,0,0,2,0,957226,15-09-2023 00:00,
2,138,37,0,0,2,0,957227,15-09-2023 00:00,
2,138,39,0,0,2,0,957228,15-09-2023 00:00,
2,138,41,0,0,2,0,957229,15-09-2023 00:00,
2,138,44,0,0,2,0,957230,15-09-2023 00:00,
2,138,46,700,0,2,zemy,799824,06-09-2022 00:00,
2,138,48,0,0,2,0,957231,15-09-2023 00:00,
2,138,50,2716.15,0,2,0,955985,15-09-2023 00:00,
2,138,51,9716.15,0,2,0,937767,15-09-2023 00:00,
2,138,52,10516.15,0,2,0,937766,15-09-2023 00:00,
2,138,62,0,0,2,0,957232,15-09-2023 00:00,
2,138,99,6949.29,0,2,0,937764,15-09-2023 00:00,
2,139,1,6700,0,2,zemy,39,05-08-2023 00:00,
2,139,3,0,0,2,0,957233,15-09-2023 00:00,
2,139,4,30,0,2,0,937769,15-09-2023 00:00,
2,139,5,6700,0,2,0,937770,15-09-2023 00:00,
2,139,8,700,0,2,zemy,4057,09-10-2017 00:00,
2,139,11,0,0,2,0,957234,15-09-2023 00:00,
2,139,12,14,0,0,zemy,955663,11-09-2023 00:00,
2,139,13,854.94,0,2,0,955988,15-09-2023 00:00,
2,139,14,19,0,0,zemy,955664,11-09-2023 00:00,
2,139,15,1326.04,0,2,0,955989,15-09-2023 00:00,
2,139,17,0,0,2,0,957235,15-09-2023 00:00,
2,139,21,1709.31,0,2,0,62178,15-09-2023 00:00,
2,139,22,737,0,2,0,530532,15-09-2023 00:00,
2,139,23,469,0,2,0,530533,15-09-2023 00:00,
2,139,24,0,0,2,0,957236,15-09-2023 00:00,
2,139,25,0,0,2,0,957237,15-09-2023 00:00,
2,139,27,0,0,2,0,957238,15-09-2023 00:00,
2,139,33,370,0,2,0,760911,15-09-2023 00:00,
2,139,34,0,0,2,0,957239,15-09-2023 00:00,
2,139,35,0,0,2,0,957240,15-09-2023 00:00,
2,139,37,0,0,2,0,957241,15-09-2023 00:00,
2,139,39,0,0,2,0,957242,15-09-2023 00:00,
2,139,41,0,0,2,0,957243,15-09-2023 00:00,
2,139,44,0,0,2,0,957244,15-09-2023 00:00,
2,139,46,1000,0,2,zemy,792711,06-08-2022 00:00,
2,139,48,0,0,2,0,957245,15-09-2023 00:00,
2,139,50,2180.98,0,2,0,956002,15-09-2023 00:00,
2,139,51,8880.98,0,2,0,937789,15-09-2023 00:00,
2,139,52,9580.98,0,2,0,937788,15-09-2023 00:00,
2,139,62,0,0,2,0,957246,15-09-2023 00:00,
2,139,99,6032.67,0,2,0,937786,15-09-2023 00:00,
2,140,1,13000,0,2,zemy,40,05-08-2023 00:00,
2,140,3,0,0,2,0,957247,15-09-2023 00:00,
2,140,4,30,0,2,0,938793,15-09-2023 00:00,
2,140,5,13000,0,2,0,938794,15-09-2023 00:00,
2,140,8,2000,0,2,zemy,4062,05-08-2022 00:00,
2,140,11,0,0,2,0,957248,15-09-2023 00:00,
2,140,13,0,0,2,0,957249,15-09-2023 00:00,
2,140,15,0,0,2,0,957250,15-09-2023 00:00,
2,140,17,0,0,2,0,957251,15-09-2023 00:00,
2,140,18,2000,0,0,zemy,945252,05-09-2023 00:00,
2,140,21,3050.02,0,2,0,62204,15-09-2023 00:00,
2,140,22,1430,0,2,0,180936,15-09-2023 00:00,
2,140,23,910,0,2,0,180937,15-09-2023 00:00,
2,140,24,0,0,2,0,957252,15-09-2023 00:00,
2,140,25,0,0,2,0,957253,15-09-2023 00:00,
2,140,27,0,0,2,0,957254,15-09-2023 00:00,
2,140,33,0,0,2,0,957255,15-09-2023 00:00,
2,140,34,0,0,2,0,957256,15-09-2023 00:00,
2,140,35,0,0,2,0,957257,15-09-2023 00:00,
2,140,37,0,0,2,0,957258,15-09-2023 00:00,
2,140,39,0,0,2,0,957259,15-09-2023 00:00,
2,140,41,0,0,2,0,957260,15-09-2023 00:00,
2,140,44,0,0,2,0,957261,15-09-2023 00:00,
2,140,46,500,0,2,zemy,834236,05-01-2023 00:00,
2,140,48,0,0,2,0,957262,15-09-2023 00:00,
2,140,50,0,0,2,0,957264,15-09-2023 00:00,
2,140,51,13000,0,2,0,938814,15-09-2023 00:00,
2,140,52,17000,0,2,0,938813,15-09-2023 00:00,
2,140,62,0,0,2,0,957263,15-09-2023 00:00,
2,140,99,12539.98,0,2,0,938811,15-09-2023 00:00,
2,141,1,19000,0,2,zemy,41,07-08-2023 00:00,
2,141,3,0,0,2,0,957265,15-09-2023 00:00,
2,141,4,30,0,2,0,938816,15-09-2023 00:00,
2,141,5,19000,0,2,0,938817,15-09-2023 00:00,
2,141,8,2000,0,2,zemy,4066,09-10-2017 00:00,
2,141,11,0,0,2,0,957266,15-09-2023 00:00,
2,141,13,0,0,2,0,957267,15-09-2023 00:00,
2,141,15,0,0,2,0,957268,15-09-2023 00:00,
2,141,17,0,0,2,0,957269,15-09-2023 00:00,
2,141,18,2000,0,2,zemy,778313,07-08-2023 00:00,
2,141,21,5150.02,0,2,0,62230,15-09-2023 00:00,
2,141,22,2090,0,2,0,78961,15-09-2023 00:00,
2,141,23,1330,0,2,0,78962,15-09-2023 00:00,
2,141,24,0,0,2,0,957270,15-09-2023 00:00,
2,141,25,0,0,2,0,957271,15-09-2023 00:00,
2,141,27,0,0,2,0,957272,15-09-2023 00:00,
2,141,33,0,0,2,0,957273,15-09-2023 00:00,
2,141,34,0,0,2,0,957274,15-09-2023 00:00,
2,141,35,0,0,2,0,957275,15-09-2023 00:00,
2,141,37,0,0,2,0,957276,15-09-2023 00:00,
2,141,39,0,0,2,0,957277,15-09-2023 00:00,
2,141,41,0,0,2,0,957278,15-09-2023 00:00,
2,141,44,0,0,2,0,957279,15-09-2023 00:00,
2,141,48,0,0,2,0,957280,15-09-2023 00:00,
2,141,50,0,0,2,0,957282,15-09-2023 00:00,
2,141,51,19000,0,2,0,938837,15-09-2023 00:00,
2,141,52,23000,0,2,0,938836,15-09-2023 00:00,
2,141,62,0,0,2,0,957281,15-09-2023 00:00,
2,141,99,16519.98,0,2,0,938834,15-09-2023 00:00,
2,143,1,4600,0,2,zemy,43,05-08-2023 00:00,
2,143,3,0,0,2,0,957283,15-09-2023 00:00,
2,143,4,30,0,2,0,937365,15-09-2023 00:00,
2,143,5,4600,0,2,0,937366,15-09-2023 00:00,
2,143,8,600,0,2,zemy,4072,06-02-2020 00:00,
2,143,11,0,0,2,0,957284,15-09-2023 00:00,
2,143,12,14,0,0,zemy,955666,11-09-2023 00:00,
2,143,13,586.98,0,2,0,956041,15-09-2023 00:00,
2,143,15,0,0,2,0,957285,15-09-2023 00:00,
2,143,17,0,0,2,0,957286,15-09-2023 00:00,
2,143,21,734.9,0,2,0,62282,15-09-2023 00:00,
2,143,22,506,0,2,0,928304,15-09-2023 00:00,
2,143,23,322,0,2,0,928305,15-09-2023 00:00,
2,143,24,0,0,2,0,957287,15-09-2023 00:00,
2,143,25,0,0,2,0,957288,15-09-2023 00:00,
2,143,27,0,0,2,0,957289,15-09-2023 00:00,
2,143,32,176.92,0,1,zemy,937645,04-09-2023 00:00,
2,143,33,200,0,2,0,831903,15-09-2023 00:00,
2,143,34,0,0,2,0,957290,15-09-2023 00:00,
2,143,35,0,0,2,0,957291,15-09-2023 00:00,
2,143,37,0,0,2,0,957292,15-09-2023 00:00,
2,143,39,0,0,2,0,957293,15-09-2023 00:00,
2,143,41,0,0,2,0,957294,15-09-2023 00:00,
2,143,44,0,0,2,0,957295,15-09-2023 00:00,
2,143,46,1000,0,1,zemy,929091,21-08-2023 00:00,
2,143,48,0,0,2,0,957296,15-09-2023 00:00,
2,143,50,586.98,0,2,0,956055,15-09-2023 00:00,
2,143,51,5186.98,0,2,0,937385,15-09-2023 00:00,
2,143,52,5786.98,0,2,0,937384,15-09-2023 00:00,
2,143,62,0,0,2,0,957297,15-09-2023 00:00,
2,143,99,3353.16,0,2,0,937382,15-09-2023 00:00,
2,144,21,100,0,2,0,62308,03-04-2018 00:00,
2,144,22,176,0,2,0,155496,03-04-2018 00:00,
2,144,23,112,0,2,0,155497,03-04-2018 00:00,
2,145,1,17800,0,2,zemy,45,07-08-2023 00:00,
2,145,3,0,0,2,0,957298,15-09-2023 00:00,
2,145,4,30,0,2,0,938856,15-09-2023 00:00,
2,145,5,17800,0,2,0,938857,15-09-2023 00:00,
2,145,8,2000,0,2,zemy,4078,08-12-2020 00:00,
2,145,11,0,0,2,0,957299,15-09-2023 00:00,
2,145,13,0,0,2,0,957300,15-09-2023 00:00,
2,145,15,0,0,2,0,957301,15-09-2023 00:00,
2,145,17,0,0,2,0,957302,15-09-2023 00:00,
2,145,18,2200,0,2,zemy,819362,07-08-2023 00:00,
2,145,21,4730.02,0,2,0,62334,15-09-2023 00:00,
2,145,22,1958,0,2,0,487296,15-09-2023 00:00,
2,145,23,1246,0,2,0,487297,15-09-2023 00:00,
2,145,24,0,0,2,0,957303,15-09-2023 00:00,
2,145,25,0,0,2,0,957304,15-09-2023 00:00,
2,145,27,0,0,2,0,957305,15-09-2023 00:00,
2,145,33,0,0,2,0,957306,15-09-2023 00:00,
2,145,34,0,0,2,0,957307,15-09-2023 00:00,
2,145,35,0,0,2,0,957308,15-09-2023 00:00,
2,145,37,0,0,2,0,957309,15-09-2023 00:00,
2,145,39,0,0,2,0,957310,15-09-2023 00:00,
2,145,41,0,0,2,0,957311,15-09-2023 00:00,
2,145,44,0,0,2,0,957312,15-09-2023 00:00,
2,145,46,500,0,2,zemy,792713,06-08-2022 00:00,
2,145,48,0,0,2,0,957313,15-09-2023 00:00,
2,145,50,0,0,2,0,957315,15-09-2023 00:00,
2,145,51,17800,0,2,0,938877,15-09-2023 00:00,
2,145,52,22000,0,2,0,938876,15-09-2023 00:00,
2,145,62,0,0,2,0,957314,15-09-2023 00:00,
2,145,99,15523.98,0,2,0,938874,15-09-2023 00:00,
2,146,1,5000,0,2,zemy,46,05-08-2022 00:00,
2,146,8,1100,0,2,zemy,4080,05-06-2021 00:00,
2,146,21,697.5,0,2,0,62360,25-04-2023 00:00,
2,146,22,550,0,2,0,399857,25-04-2023 00:00,
2,146,23,350,0,2,0,399858,25-04-2023 00:00,
2,147,1,6600,0,2,zemy,47,05-08-2023 00:00,
2,147,3,0,0,2,0,957316,15-09-2023 00:00,
2,147,4,30,0,2,0,937791,15-09-2023 00:00,
2,147,5,6600,0,2,0,937792,15-09-2023 00:00,
2,147,8,600,0,2,zemy,4081,09-10-2017 00:00,
2,147,11,0,0,2,0,957317,15-09-2023 00:00,
2,147,12,14,0,0,zemy,955655,11-09-2023 00:00,
2,147,13,842.19,0,2,0,956076,15-09-2023 00:00,
2,147,14,19,0,0,zemy,955656,11-09-2023 00:00,
2,147,15,1306.24,0,2,0,956077,15-09-2023 00:00,
2,147,17,0,0,2,0,957318,15-09-2023 00:00,
2,147,21,1669.54,0,2,0,62386,15-09-2023 00:00,
2,147,22,726,0,2,0,399874,15-09-2023 00:00,
2,147,23,462,0,2,0,399875,15-09-2023 00:00,
2,147,24,0,0,2,0,957319,15-09-2023 00:00,
2,147,25,0,0,2,0,957320,15-09-2023 00:00,
2,147,27,0,0,2,0,957321,15-09-2023 00:00,
2,147,33,500,0,2,0,817750,15-09-2023 00:00,
2,147,34,0,0,2,0,957322,15-09-2023 00:00,
2,147,35,0,0,2,0,957323,15-09-2023 00:00,
2,147,37,0,0,2,0,957324,15-09-2023 00:00,
2,147,39,0,0,2,0,957325,15-09-2023 00:00,
2,147,41,0,0,2,0,957326,15-09-2023 00:00,
2,147,44,0,0,2,0,957327,15-09-2023 00:00,
2,147,48,0,0,2,0,957328,15-09-2023 00:00,
2,147,50,2148.43,0,2,0,956090,15-09-2023 00:00,
2,147,51,8748.43,0,2,0,937811,15-09-2023 00:00,
2,147,52,9348.43,0,2,0,937810,15-09-2023 00:00,
2,147,62,0,0,2,0,957329,15-09-2023 00:00,
2,147,99,6716.89,0,2,0,937808,15-09-2023 00:00,
2,148,1,6700,0,2,zemy,48,05-08-2023 00:00,
2,148,3,0,0,2,0,957330,15-09-2023 00:00,
2,148,4,30,0,2,0,937975,15-09-2023 00:00,
2,148,5,6700,0,2,0,937976,15-09-2023 00:00,
2,148,8,800,0,2,zemy,4086,07-02-2020 00:00,
2,148,10,5,0,0,zemy,955657,11-09-2023 00:00,
2,148,11,261.72,0,2,0,956092,15-09-2023 00:00,
2,148,12,16.5,0,0,zemy,955658,11-09-2023 00:00,
2,148,13,1007.62,0,2,0,956093,15-09-2023 00:00,
2,148,14,7,0,0,zemy,955659,11-09-2023 00:00,
2,148,15,488.54,0,2,0,956094,15-09-2023 00:00,
2,148,17,0,0,2,0,957331,15-09-2023 00:00,
2,148,21,1582.38,0,2,0,62412,15-09-2023 00:00,
2,148,22,737,0,2,0,927115,15-09-2023 00:00,
2,148,23,469,0,2,0,927116,15-09-2023 00:00,
2,148,24,0,0,2,0,957332,15-09-2023 00:00,
2,148,25,0,0,2,0,957333,15-09-2023 00:00,
2,148,27,0,0,2,0,957334,15-09-2023 00:00,
2,148,33,500,0,2,0,931012,15-09-2023 00:00,
2,148,34,0,0,2,0,957335,15-09-2023 00:00,
2,148,35,0,0,2,0,957336,15-09-2023 00:00,
2,148,37,0,0,2,0,957337,15-09-2023 00:00,
2,148,39,0,0,2,0,957338,15-09-2023 00:00,
2,148,41,0,0,2,0,957339,15-09-2023 00:00,
2,148,44,0,0,2,0,957340,15-09-2023 00:00,
2,148,48,0,0,2,0,957341,15-09-2023 00:00,
2,148,50,1757.88,0,2,0,956107,15-09-2023 00:00,
2,148,51,8457.88,0,2,0,937995,15-09-2023 00:00,
2,148,52,9257.88,0,2,0,937994,15-09-2023 00:00,
2,148,62,0,0,2,0,957342,15-09-2023 00:00,
2,148,99,6706.5,0,2,0,937992,15-09-2023 00:00,
2,149,1,6600,0,2,zemy,49,05-08-2023 00:00,
2,149,3,0,0,2,0,957343,15-09-2023 00:00,
2,149,4,30,0,2,0,938090,15-09-2023 00:00,
2,149,5,6600,0,2,0,938091,15-09-2023 00:00,
2,149,8,600,0,2,zemy,4091,06-02-2020 00:00,
2,149,11,0,0,2,0,957344,15-09-2023 00:00,
2,149,13,0,0,2,0,957345,15-09-2023 00:00,
2,149,14,16,0,0,zemy,955654,11-09-2023 00:00,
2,149,15,1100,0,2,0,956111,15-09-2023 00:00,
2,149,17,0,0,2,0,957346,15-09-2023 00:00,
2,149,21,1360.01,0,2,0,62438,15-09-2023 00:00,
2,149,22,726,0,2,0,487387,15-09-2023 00:00,
2,149,23,462,0,2,0,487388,15-09-2023 00:00,
2,149,24,0,0,2,0,957347,15-09-2023 00:00,
2,149,25,0,0,2,0,957348,15-09-2023 00:00,
2,149,27,0,0,2,0,957349,15-09-2023 00:00,
2,149,33,500,0,2,0,931015,15-09-2023 00:00,
2,149,34,0,0,2,0,957350,15-09-2023 00:00,
2,149,35,0,0,2,0,957351,15-09-2023 00:00,
2,149,37,0,0,2,0,957352,15-09-2023 00:00,
2,149,39,0,0,2,0,957353,15-09-2023 00:00,
2,149,41,0,0,2,0,957354,15-09-2023 00:00,
2,149,44,0,0,2,0,957355,15-09-2023 00:00,
2,149,46,1000,0,2,zemy,792716,06-08-2022 00:00,
2,149,48,0,0,2,0,957356,15-09-2023 00:00,
2,149,50,1100,0,2,0,956124,15-09-2023 00:00,
2,149,51,7700,0,2,0,938110,15-09-2023 00:00,
2,149,52,8300,0,2,0,938109,15-09-2023 00:00,
2,149,62,0,0,2,0,957357,15-09-2023 00:00,
2,149,99,4977.99,0,2,0,938107,15-09-2023 00:00,
2,150,1,2200,0,2,zemy,50,09-10-2017 00:00,
2,150,8,500,0,2,zemy,4097,09-10-2017 00:00,
2,150,21,187.5,0,2,0,62464,23-05-2019 00:00,
2,150,22,242,0,2,0,172221,23-05-2019 00:00,
2,150,23,154,0,2,0,172222,23-05-2019 00:00,
2,151,1,8500,0,2,zemy,51,05-08-2022 00:00,
2,151,8,2005.01,0,2,zemy,4100,06-09-2021 00:00,
2,151,21,1595.01,0,2,0,62490,09-11-2022 00:00,
2,151,22,935,0,2,0,690265,09-11-2022 00:00,
2,151,23,595,0,2,0,690266,09-11-2022 00:00,
2,152,1,38500,0,2,zemy,52,05-08-2023 00:00,
2,152,3,0,0,2,0,957358,15-09-2023 00:00,
2,152,4,30,0,2,0,938930,15-09-2023 00:00,
2,152,5,38500,0,2,0,938931,15-09-2023 00:00,
2,152,8,2300,0,2,zemy,778314,05-08-2023 00:00,
2,152,11,0,0,2,0,957359,15-09-2023 00:00,
2,152,13,0,0,2,0,957360,15-09-2023 00:00,
2,152,15,0,0,2,0,957361,15-09-2023 00:00,
2,152,17,0,0,2,0,957362,15-09-2023 00:00,
2,152,18,2200,0,2,zemy,929173,05-08-2023 00:00,
2,152,21,11975.02,0,2,0,62516,15-09-2023 00:00,
2,152,22,4235,0,2,0,79171,15-09-2023 00:00,
2,152,23,2695,0,2,0,79172,15-09-2023 00:00,
2,152,24,0,0,2,0,957363,15-09-2023 00:00,
2,152,25,0,0,2,0,957364,15-09-2023 00:00,
2,152,27,0,0,2,0,957365,15-09-2023 00:00,
2,152,33,0,0,2,0,957366,15-09-2023 00:00,
2,152,34,0,0,2,0,957367,15-09-2023 00:00,
2,152,35,0,0,2,0,957368,15-09-2023 00:00,
2,152,37,0,0,2,0,957369,15-09-2023 00:00,
2,152,39,0,0,2,0,957370,15-09-2023 00:00,
2,152,41,0,0,2,0,957371,15-09-2023 00:00,
2,152,44,0,0,2,0,957372,15-09-2023 00:00,
2,152,48,0,0,2,0,957373,15-09-2023 00:00,
2,152,50,0,0,2,0,957375,15-09-2023 00:00,
2,152,51,38500,0,2,0,938951,15-09-2023 00:00,
2,152,52,43000,0,2,0,938950,15-09-2023 00:00,
2,152,62,0,0,2,0,957374,15-09-2023 00:00,
2,152,99,28329.98,0,2,0,938948,15-09-2023 00:00,
2,153,1,7200,0,2,zemy,53,05-08-2023 00:00,
2,153,3,0,0,2,0,957376,15-09-2023 00:00,
2,153,4,30,0,2,0,937953,15-09-2023 00:00,
2,153,5,7200,0,2,0,937954,15-09-2023 00:00,
2,153,8,800,0,2,zemy,4105,09-10-2017 00:00,
2,153,10,5,0,0,zemy,955674,11-09-2023 00:00,
2,153,11,281.25,0,2,0,956144,15-09-2023 00:00,
2,153,12,20,0,0,zemy,955675,11-09-2023 00:00,
2,153,13,1312.5,0,2,0,956145,15-09-2023 00:00,
2,153,14,18.5,0,0,zemy,955676,11-09-2023 00:00,
2,153,15,1387.5,0,2,0,956146,15-09-2023 00:00,
2,153,17,0,0,2,0,957377,15-09-2023 00:00,
2,153,21,2099.39,0,2,0,62542,15-09-2023 00:00,
2,153,22,792,0,2,0,316853,15-09-2023 00:00,
2,153,23,504,0,2,0,316854,15-09-2023 00:00,
2,153,24,0,0,2,0,957378,15-09-2023 00:00,
2,153,25,0,0,2,0,957379,15-09-2023 00:00,
2,153,27,0,0,2,0,957380,15-09-2023 00:00,
2,153,33,500,0,2,0,868254,15-09-2023 00:00,
2,153,34,0,0,2,0,957381,15-09-2023 00:00,
2,153,35,0,0,2,0,957382,15-09-2023 00:00,
2,153,37,0,0,2,0,957383,15-09-2023 00:00,
2,153,39,0,0,2,0,957384,15-09-2023 00:00,
2,153,41,0,0,2,0,957385,15-09-2023 00:00,
2,153,44,0,0,2,0,957386,15-09-2023 00:00,
2,153,46,300,0,2,zemy,792717,06-08-2022 00:00,
2,153,48,0,0,2,0,957387,15-09-2023 00:00,
2,153,50,2981.25,0,2,0,956159,15-09-2023 00:00,
2,153,51,10181.25,0,2,0,937973,15-09-2023 00:00,
2,153,52,10981.25,0,2,0,937972,15-09-2023 00:00,
2,153,62,0,0,2,0,957388,15-09-2023 00:00,
2,153,99,7577.86,0,2,0,937970,15-09-2023 00:00,
2,154,1,2900,0,2,zemy,54,06-02-2020 00:00,
2,154,8,600,0,2,zemy,4109,03-09-2018 00:00,
2,155,1,2900,0,2,zemy,55,05-08-2022 00:00,
2,155,3,0,0,2,0,957389,15-09-2023 00:00,
2,155,4,30,0,2,0,938970,15-09-2023 00:00,
2,155,5,2900,0,2,0,938971,15-09-2023 00:00,
2,155,8,800,0,2,zemy,4112,05-08-2022 00:00,
2,155,11,0,0,2,0,957390,15-09-2023 00:00,
2,155,13,0,0,2,0,957391,15-09-2023 00:00,
2,155,15,0,0,2,0,957392,15-09-2023 00:00,
2,155,17,0,0,2,0,957393,15-09-2023 00:00,
2,155,21,292.5,0,2,0,62646,15-09-2023 00:00,
2,155,22,319,0,2,0,604490,15-09-2023 00:00,
2,155,23,203,0,2,0,604491,15-09-2023 00:00,
2,155,24,0,0,2,0,957394,15-09-2023 00:00,
2,155,25,0,0,2,0,957395,15-09-2023 00:00,
2,155,27,0,0,2,0,957396,15-09-2023 00:00,
2,155,33,0,0,2,0,957397,15-09-2023 00:00,
2,155,34,0,0,2,0,957398,15-09-2023 00:00,
2,155,35,0,0,2,0,957399,15-09-2023 00:00,
2,155,37,0,0,2,0,957400,15-09-2023 00:00,
2,155,39,0,0,2,0,957401,15-09-2023 00:00,
2,155,41,0,0,2,0,957402,15-09-2023 00:00,
2,155,44,0,0,2,0,957403,15-09-2023 00:00,
2,155,48,0,0,2,0,957404,15-09-2023 00:00,
2,155,50,0,0,2,0,957406,15-09-2023 00:00,
2,155,51,2900,0,2,0,938991,15-09-2023 00:00,
2,155,52,3700,0,2,0,938990,15-09-2023 00:00,
2,155,62,0,0,2,0,957405,15-09-2023 00:00,
2,155,99,3204.5,0,2,0,938988,15-09-2023 00:00,
2,157,1,1500,0,2,zemy,57,10-10-2017 00:00,
2,157,8,300,0,2,zemy,4116,10-10-2017 00:00,
2,157,22,165,0,2,0,337574,06-05-2019 00:00,
2,157,23,105,0,2,0,337575,06-05-2019 00:00,
2,158,1,1400,0,2,zemy,58,10-10-2017 00:00,
2,158,8,350,0,2,zemy,4118,10-10-2017 00:00,
2,158,21,80,0,2,0,62724,13-04-2019 00:00,
2,159,1,1800,0,2,zemy,59,08-04-2019 00:00,
2,159,8,450,0,2,zemy,4119,08-04-2019 00:00,
2,160,1,6600,0,2,zemy,60,05-08-2023 00:00,
2,160,3,0,0,2,0,957407,15-09-2023 00:00,
2,160,4,30,0,2,0,938020,15-09-2023 00:00,
2,160,5,6600,0,2,0,938021,15-09-2023 00:00,
2,160,8,1100,0,2,zemy,4123,05-08-2022 00:00,
2,160,11,0,0,2,0,957408,15-09-2023 00:00,
2,160,12,3.5,0,0,zemy,955629,11-09-2023 00:00,
2,160,13,210.54,0,2,0,956180,15-09-2023 00:00,
2,160,14,4,0,0,zemy,955630,11-09-2023 00:00,
2,160,15,275,0,2,0,956181,15-09-2023 00:00,
2,160,17,0,0,2,0,957409,15-09-2023 00:00,
2,160,21,1206.39,0,2,0,62776,15-09-2023 00:00,
2,160,22,0,0,2,0,957410,15-09-2023 00:00,
2,160,23,0,0,2,0,957411,15-09-2023 00:00,
2,160,24,0,0,2,0,957412,15-09-2023 00:00,
2,160,25,0,0,2,0,957413,15-09-2023 00:00,
2,160,27,0,0,2,0,957414,15-09-2023 00:00,
2,160,32,7.93,0,1,zemy,937651,04-09-2023 00:00,
2,160,33,400,0,2,0,868257,15-09-2023 00:00,
2,160,34,0,0,2,0,957415,15-09-2023 00:00,
2,160,35,0,0,2,0,957416,15-09-2023 00:00,
2,160,37,0,0,2,0,957417,15-09-2023 00:00,
2,160,39,0,0,2,0,957418,15-09-2023 00:00,
2,160,41,0,0,2,0,957419,15-09-2023 00:00,
2,160,44,0,0,2,0,957420,15-09-2023 00:00,
2,160,46,500,0,2,zemy,792719,06-08-2022 00:00,
2,160,48,0,0,2,0,957421,15-09-2023 00:00,
2,160,50,485.54,0,2,0,956196,15-09-2023 00:00,
2,160,51,7085.54,0,2,0,938042,15-09-2023 00:00,
2,160,52,8185.54,0,2,0,938041,15-09-2023 00:00,
2,160,62,0,0,2,0,957422,15-09-2023 00:00,
2,160,99,6071.22,0,2,0,938039,15-09-2023 00:00,
2,161,1,1200,0,2,0476-59-71-87-,4126,25-07-2017 00:00,
2,161,8,200,0,2,zemy,4138,25-07-2017 00:00,
2,162,1,1800,0,2,zemy,4127,10-10-2017 00:00,
2,162,8,440,0,2,zemy,4139,10-10-2017 00:00,
2,162,22,198,0,2,0,265157,06-05-2019 00:00,
2,162,23,126,0,2,0,265158,06-05-2019 00:00,
2,163,1,11006.35,0,2,zemy,4128,05-08-2023 00:00,
2,163,3,0,0,2,0,957593,15-09-2023 00:00,
2,163,4,30,0,2,0,937837,15-09-2023 00:00,
2,163,5,11006.35,0,2,0,937838,15-09-2023 00:00,
2,163,8,2100,0,2,zemy,5512,05-01-2023 00:00,
2,163,11,0,0,2,0,957594,15-09-2023 00:00,
2,163,12,8,0,0,zemy,955679,11-09-2023 00:00,
2,163,13,802.55,0,2,0,956383,15-09-2023 00:00,
2,163,14,8.5,0,0,zemy,955680,11-09-2023 00:00,
2,163,15,974.52,0,2,0,956384,15-09-2023 00:00,
2,163,17,0,0,2,0,957595,15-09-2023 00:00,
2,163,21,2974.21,0,2,0,62828,15-09-2023 00:00,
2,163,22,1210.7,0,2,0,854926,15-09-2023 00:00,
2,163,23,770.44,0,2,0,854927,15-09-2023 00:00,
2,163,24,0,0,2,0,957596,15-09-2023 00:00,
2,163,25,0,0,2,0,957597,15-09-2023 00:00,
2,163,27,0,0,2,0,957598,15-09-2023 00:00,
