TrnPeriodNumber,TrnEmpCode,TrnParCode,TrnAmount,TrnAffectAmount,TrnPrintFlag,TrnuserId,TrnRecordno,TrnDate,TrnRef
2,101,1,33000,0,2,zemy,76823,11/8/2017 0:00,
2,101,3,0,0,2,0,956945,9/15/2023 0:00,
2,101,4,30,0,2,0,938418,9/15/2023 0:00,
2,101,5,33000,0,2,0,938419,9/15/2023 0:00,
2,101,8,2200,0,2,zemy,76824,11/8/2017 0:00,
2,101,9,6800,0,0,zemy,117,9/15/2023 0:00,OT Card
2,101,11,0,0,2,0,956946,9/15/2023 0:00,
2,101,13,0,0,2,0,956947,9/15/2023 0:00,
2,101,15,0,0,2,0,956948,9/15/2023 0:00,
2,101,17,0,0,2,0,956949,9/15/2023 0:00,
2,101,18,3000,0,2,zemy,116,7/19/2017 0:00,
2,101,21,12430.02,0,2,0,61249,9/15/2023 0:00,
2,101,22,3630,0,2,0,797641,9/15/2023 0:00,
2,101,23,2310,0,2,0,797642,9/15/2023 0:00,
2,101,24,0,0,2,0,956950,9/15/2023 0:00,
2,101,25,0,0,2,0,956951,9/15/2023 0:00,
2,101,27,0,0,2,0,956952,9/15/2023 0:00,
2,101,33,0,0,2,0,956953,9/15/2023 0:00,
2,101,34,0,0,2,0,956954,9/15/2023 0:00,
2,101,35,0,0,2,0,956955,9/15/2023 0:00,
2,101,37,0,0,2,0,956956,9/15/2023 0:00,
2,101,39,0,0,2,0,956957,9/15/2023 0:00,
2,101,41,0,0,2,0,956958,9/15/2023 0:00,
2,101,44,0,0,2,0,956959,9/15/2023 0:00,
2,101,48,0,0,2,0,956960,9/15/2023 0:00,
2,101,50,0,0,2,0,956962,9/15/2023 0:00,
2,101,51,39800,0,2,0,938439,9/15/2023 0:00,
2,101,52,45000,0,2,0,938438,9/15/2023 0:00,
2,101,62,0,0,2,0,956961,9/15/2023 0:00,
2,101,99,30259.98,0,2,0,938436,9/15/2023 0:00,
2,102,1,32300,0,2,zemy,2,10/9/2017 0:00,
2,102,3,0,0,2,0,956963,9/15/2023 0:00,
2,102,4,30,0,2,0,938441,9/15/2023 0:00,
2,102,5,32300,0,2,0,938442,9/15/2023 0:00,
2,102,8,2200,0,2,zemy,1707,7/19/2017 0:00,
2,102,9,5000,0,0,zemy,1709,9/15/2023 0:00,OT Card
2,102,11,0,0,2,0,956964,9/15/2023 0:00,
2,102,13,0,0,2,0,956965,9/15/2023 0:00,
2,102,15,0,0,2,0,956966,9/15/2023 0:00,
2,102,17,0,0,2,0,956967,9/15/2023 0:00,
2,102,18,3000,0,2,zemy,1708,7/19/2017 0:00,
2,102,21,11555.02,0,2,0,61275,9/15/2023 0:00,
2,102,22,3553,0,2,0,394311,9/15/2023 0:00,
2,102,23,2261,0,2,0,394312,9/15/2023 0:00,
2,102,24,0,0,2,0,956968,9/15/2023 0:00,
2,102,25,0,0,2,0,956969,9/15/2023 0:00,
2,102,27,0,0,2,0,956970,9/15/2023 0:00,
2,102,33,0,0,2,0,956971,9/15/2023 0:00,
2,102,34,0,0,2,0,956972,9/15/2023 0:00,
2,102,35,0,0,2,0,956973,9/15/2023 0:00,
2,102,37,0,0,2,0,956974,9/15/2023 0:00,
2,102,39,0,0,2,0,956975,9/15/2023 0:00,
2,102,41,0,0,2,0,956976,9/15/2023 0:00,
2,102,44,0,0,2,0,956977,9/15/2023 0:00,
2,102,48,0,0,2,0,956978,9/15/2023 0:00,
2,102,50,0,0,2,0,956980,9/15/2023 0:00,
2,102,51,37300,0,2,0,938462,9/15/2023 0:00,
2,102,52,42500,0,2,0,938461,9/15/2023 0:00,
2,102,62,0,0,2,0,956979,9/15/2023 0:00,
2,102,99,28683.98,0,2,0,938459,9/15/2023 0:00,
2,103,1,18100,0,2,zemy,3,8/7/2023 0:00,
2,103,3,0,0,2,0,956981,9/15/2023 0:00,
2,103,4,30,0,2,0,938371,9/15/2023 0:00,
2,103,5,18100,0,2,0,938372,9/15/2023 0:00,
2,103,8,2200,0,2,zemy,1710,10/9/2017 0:00,
2,103,11,0,0,2,0,956982,9/15/2023 0:00,
2,103,13,0,0,2,0,956983,9/15/2023 0:00,
2,103,15,0,0,2,0,956984,9/15/2023 0:00,
2,103,17,0,0,2,0,956985,9/15/2023 0:00,
2,103,18,2200,0,2,zemy,108026,8/7/2023 0:00,
2,103,21,4835.02,0,2,0,61301,9/15/2023 0:00,
2,103,22,1991,0,2,0,471557,9/15/2023 0:00,
2,103,23,1267,0,2,0,471558,9/15/2023 0:00,
2,103,24,0,0,2,0,956986,9/15/2023 0:00,
2,103,25,0,0,2,0,956987,9/15/2023 0:00,
2,103,27,0,0,2,0,956988,9/15/2023 0:00,
2,103,33,0,0,2,0,956989,9/15/2023 0:00,
2,103,34,0,0,2,0,956990,9/15/2023 0:00,
2,103,35,0,0,2,0,956991,9/15/2023 0:00,
2,103,37,0,0,2,0,956992,9/15/2023 0:00,
2,103,39,0,0,2,0,956993,9/15/2023 0:00,
2,103,41,0,0,2,0,956994,9/15/2023 0:00,
2,103,44,0,0,2,0,956995,9/15/2023 0:00,
2,103,48,0,0,2,0,956996,9/15/2023 0:00,
2,103,50,0,0,2,0,956998,9/15/2023 0:00,
2,103,51,18100,0,2,0,938391,9/15/2023 0:00,
2,103,52,22500,0,2,0,938390,9/15/2023 0:00,
2,103,62,0,0,2,0,956997,9/15/2023 0:00,
2,103,99,16397.98,0,2,0,938388,9/15/2023 0:00,
2,104,1,9500,0,2,zemy,4,2/6/2020 0:00,
2,104,8,2000,0,2,zemy,1711,10/9/2017 0:00,
2,104,18,500,0,2,zemy,1712,10/9/2017 0:00,
2,104,21,1895.01,0,2,0,61327,1/5/2022 0:00,
2,104,22,1045,0,2,0,718200,1/5/2022 0:00,
2,104,23,665,0,2,0,718201,1/5/2022 0:00,
2,106,1,1800,0,2,sysadmin,6,1/1/2015 0:00,
2,106,3,0,0,2,0,956999,9/15/2023 0:00,
2,106,4,30,0,2,0,938481,9/15/2023 0:00,
2,106,5,1800,0,2,0,938482,9/15/2023 0:00,
2,106,8,400,0,2,zemy,1714,7/19/2017 0:00,
2,106,11,0,0,2,0,957000,9/15/2023 0:00,
2,106,13,0,0,2,0,957001,9/15/2023 0:00,
2,106,15,0,0,2,0,957002,9/15/2023 0:00,
2,106,17,0,0,2,0,957003,9/15/2023 0:00,
2,106,21,127.5,0,2,0,61379,9/15/2023 0:00,
2,106,22,198,0,2,0,540855,9/15/2023 0:00,
2,106,23,126,0,2,0,540856,9/15/2023 0:00,
2,106,24,0,0,2,0,957004,9/15/2023 0:00,
2,106,25,0,0,2,0,957005,9/15/2023 0:00,
2,106,27,0,0,2,0,957006,9/15/2023 0:00,
2,106,33,0,0,2,0,957007,9/15/2023 0:00,
2,106,34,0,0,2,0,957008,9/15/2023 0:00,
2,106,35,0,0,2,0,957009,9/15/2023 0:00,
2,106,37,0,0,2,0,957010,9/15/2023 0:00,
2,106,39,0,0,2,0,957011,9/15/2023 0:00,
2,106,41,0,0,2,0,957012,9/15/2023 0:00,
2,106,44,0,0,2,0,957013,9/15/2023 0:00,
2,106,48,0,0,2,0,957014,9/15/2023 0:00,
2,106,50,0,0,2,0,957016,9/15/2023 0:00,
2,106,51,1800,0,2,0,938502,9/15/2023 0:00,
2,106,52,2200,0,2,0,938501,9/15/2023 0:00,
2,106,62,0,0,2,0,957015,9/15/2023 0:00,
2,106,99,1946.5,0,2,0,938499,9/15/2023 0:00,
2,107,1,5600,0,2,zemy,7,2/6/2020 0:00,
2,107,8,1200,0,2,zemy,1715,10/9/2017 0:00,
2,107,18,1000,0,2,zemy,659503,6/5/2021 0:00,
2,107,21,835.01,0,2,0,61405,1/4/2022 0:00,
2,107,22,616,0,2,0,380494,1/4/2022 0:00,
2,107,23,392,0,2,0,380495,1/4/2022 0:00,
2,108,1,9000,0,2,zemy,8,8/5/2023 0:00,
2,108,3,0,0,2,0,957017,9/15/2023 0:00,
2,108,4,30,0,2,0,938504,9/15/2023 0:00,
2,108,5,9000,0,2,0,938505,9/15/2023 0:00,
2,108,8,2000,0,2,zemy,61,6/5/2021 0:00,
2,108,11,0,0,2,0,957018,9/15/2023 0:00,
2,108,13,0,0,2,0,957019,9/15/2023 0:00,
2,108,15,0,0,2,0,957020,9/15/2023 0:00,
2,108,17,0,0,2,0,957021,9/15/2023 0:00,
2,108,18,2000,0,2,zemy,659502,8/5/2023 0:00,
2,108,21,1745.01,0,2,0,61431,9/15/2023 0:00,
2,108,22,990,0,2,0,933595,9/15/2023 0:00,
2,108,23,630,0,2,0,933596,9/15/2023 0:00,
2,108,24,0,0,2,0,957022,9/15/2023 0:00,
2,108,25,0,0,2,0,957023,9/15/2023 0:00,
2,108,27,0,0,2,0,957024,9/15/2023 0:00,
2,108,33,0,0,2,0,957025,9/15/2023 0:00,
2,108,34,0,0,2,0,957026,9/15/2023 0:00,
2,108,35,0,0,2,0,957027,9/15/2023 0:00,
2,108,37,0,0,2,0,957028,9/15/2023 0:00,
2,108,39,0,0,2,0,957029,9/15/2023 0:00,
2,108,41,0,0,2,0,957030,9/15/2023 0:00,
2,108,44,0,0,2,0,957031,9/15/2023 0:00,
2,108,48,0,0,2,0,957032,9/15/2023 0:00,
2,108,50,0,0,2,0,957034,9/15/2023 0:00,
2,108,51,9000,0,2,0,938525,9/15/2023 0:00,
2,108,52,13000,0,2,0,938524,9/15/2023 0:00,
2,108,62,0,0,2,0,957033,9/15/2023 0:00,
2,108,99,10624.99,0,2,0,938522,9/15/2023 0:00,
2,109,1,6400,0,2,zemy,9,8/5/2023 0:00,
2,109,3,0,0,2,0,957035,9/15/2023 0:00,
2,109,4,30,0,2,0,937681,9/15/2023 0:00,
2,109,5,6400,0,2,0,937682,9/15/2023 0:00,
2,109,8,1600,0,2,zemy,1716,8/5/2023 0:00,
2,109,11,0,0,2,0,957036,9/15/2023 0:00,
2,109,13,0,0,2,0,957037,9/15/2023 0:00,
2,109,15,0,0,2,0,957038,9/15/2023 0:00,
2,109,17,0,0,2,0,957039,9/15/2023 0:00,
2,109,21,1035.01,0,2,0,61457,9/15/2023 0:00,
2,109,22,704,0,2,0,936200,9/15/2023 0:00,
2,109,23,448,0,2,0,936201,9/15/2023 0:00,
2,109,24,0,0,2,0,957040,9/15/2023 0:00,
2,109,25,0,0,2,0,957041,9/15/2023 0:00,
2,109,27,0,0,2,0,957042,9/15/2023 0:00,
2,109,33,500,0,2,0,931008,9/15/2023 0:00,
2,109,34,0,0,2,0,957043,9/15/2023 0:00,
2,109,35,0,0,2,0,957044,9/15/2023 0:00,
2,109,37,0,0,2,0,957045,9/15/2023 0:00,
2,109,39,0,0,2,0,957046,9/15/2023 0:00,
2,109,41,0,0,2,0,957047,9/15/2023 0:00,
2,109,44,0,0,2,0,957048,9/15/2023 0:00,
2,109,46,1000,0,2,zemy,775833,7/22/2023 0:00,
2,109,48,0,0,2,0,957049,9/15/2023 0:00,
2,109,50,0,0,2,0,957051,9/15/2023 0:00,
2,109,51,6400,0,2,0,937701,9/15/2023 0:00,
2,109,52,8000,0,2,0,937700,9/15/2023 0:00,
2,109,62,0,0,2,0,957050,9/15/2023 0:00,
2,109,99,5016.99,0,2,0,937698,9/15/2023 0:00,
2,110,1,7000,0,2,zemy,10,8/6/2022 0:00,
2,110,3,0,0,2,0,957052,9/15/2023 0:00,
2,110,4,30,0,2,0,937905,9/15/2023 0:00,
2,110,5,7000,0,2,0,937906,9/15/2023 0:00,
2,110,8,1500,0,2,zemy,1717,8/5/2022 0:00,
2,110,11,0,0,2,0,957053,9/15/2023 0:00,
2,110,13,0,0,2,0,957054,9/15/2023 0:00,
2,110,15,0,0,2,0,957055,9/15/2023 0:00,
2,110,17,0,0,2,0,957056,9/15/2023 0:00,
2,110,18,1000,0,2,zemy,787247,8/6/2022 0:00,
2,110,21,1185.01,0,2,0,61483,9/15/2023 0:00,
2,110,22,770,0,2,0,540942,9/15/2023 0:00,
2,110,23,490,0,2,0,540943,9/15/2023 0:00,
2,110,24,0,0,2,0,957057,9/15/2023 0:00,
2,110,25,0,0,2,0,957058,9/15/2023 0:00,
2,110,27,0,0,2,0,957059,9/15/2023 0:00,
2,110,33,500,0,2,0,868253,9/15/2023 0:00,
2,110,34,0,0,2,0,957060,9/15/2023 0:00,
2,110,35,0,0,2,0,957061,9/15/2023 0:00,
2,110,37,0,0,2,0,957062,9/15/2023 0:00,
2,110,39,0,0,2,0,957063,9/15/2023 0:00,
2,110,41,0,0,2,0,957064,9/15/2023 0:00,
2,110,44,0,0,2,0,957065,9/15/2023 0:00,
2,110,48,0,0,2,0,957066,9/15/2023 0:00,
2,110,50,0,0,2,0,957068,9/15/2023 0:00,
2,110,51,7000,0,2,0,937925,9/15/2023 0:00,
2,110,52,9500,0,2,0,937924,9/15/2023 0:00,
2,110,62,0,0,2,0,957067,9/15/2023 0:00,
2,110,99,7324.99,0,2,0,937922,9/15/2023 0:00,
2,112,1,4700,0,2,zemy,12,10/9/2017 0:00,
2,112,8,1100,0,2,zemy,1720,10/9/2017 0:00,
2,112,21,637.5,0,2,0,61535,4/8/2019 0:00,
2,112,22,517,0,2,0,78435,4/8/2019 0:00,
2,112,23,329,0,2,0,78436,4/8/2019 0:00,
2,114,1,7500,0,2,zemy,14,7/5/2021 0:00,
2,114,21,1310.01,0,2,0,61561,6/5/2023 0:00,
2,114,22,825,0,2,0,78455,6/5/2023 0:00,
2,114,23,525,0,2,0,78456,6/5/2023 0:00,
2,115,1,10100,0,2,zemy,15,2/6/2020 0:00,
2,115,8,2200,0,2,zemy,1723,10/9/2017 0:00,
2,115,21,2075.01,0,2,0,61587,1/5/2022 0:00,
2,115,22,1111,0,2,0,78475,1/5/2022 0:00,
2,115,23,707,0,2,0,78476,1/5/2022 0:00,
2,116,1,6500,0,2,zemy,16,8/10/2023 0:00,
2,116,3,0,0,2,0,957069,9/15/2023 0:00,
2,116,4,30,0,2,0,937703,9/15/2023 0:00,
2,116,5,6500,0,2,0,937704,9/15/2023 0:00,
2,116,8,2000,0,2,zemy,1724,8/10/2023 0:00,
2,116,11,0,0,2,0,957070,9/15/2023 0:00,
2,116,13,0,0,2,0,957071,9/15/2023 0:00,
2,116,15,0,0,2,0,957072,9/15/2023 0:00,
2,116,17,0,0,2,0,957073,9/15/2023 0:00,
2,116,18,2000,0,2,zemy,934778,8/10/2023 0:00,
2,116,21,1060.01,0,2,0,61613,9/15/2023 0:00,
2,116,22,715,0,2,0,423533,9/15/2023 0:00,
2,116,23,455,0,2,0,423534,9/15/2023 0:00,
2,116,24,0,0,2,0,957074,9/15/2023 0:00,
2,116,25,0,0,2,0,957075,9/15/2023 0:00,
2,116,27,0,0,2,0,957076,9/15/2023 0:00,
2,116,33,0,0,2,0,957077,9/15/2023 0:00,
2,116,34,0,0,2,0,957078,9/15/2023 0:00,
2,116,35,0,0,2,0,957079,9/15/2023 0:00,
2,116,37,0,0,2,0,957080,9/15/2023 0:00,
2,116,39,0,0,2,0,957081,9/15/2023 0:00,
2,116,41,0,0,2,0,957082,9/15/2023 0:00,
2,116,44,0,0,2,0,957083,9/15/2023 0:00,
2,116,48,0,0,2,0,957084,9/15/2023 0:00,
2,116,50,0,0,2,0,957086,9/15/2023 0:00,
2,116,51,6500,0,2,0,937723,9/15/2023 0:00,
2,116,52,10500,0,2,0,937722,9/15/2023 0:00,
2,116,62,0,0,2,0,957085,9/15/2023 0:00,
2,116,99,8984.99,0,2,0,937720,9/15/2023 0:00,
2,117,1,7400,0,2,zemy,17,10/8/2019 0:00,
2,117,8,1600,0,2,zemy,1725,10/8/2019 0:00,
2,117,21,1285.01,0,2,0,61639,4/7/2021 0:00,
2,117,22,814,0,2,0,539752,4/7/2021 0:00,
2,117,23,518,0,2,0,539753,4/7/2021 0:00,
2,118,1,11000,0,2,zemy,18,8/5/2022 0:00,
2,118,8,2000,0,2,zemy,1726,10/9/2017 0:00,
2,118,18,1000,0,2,zemy,1727,10/9/2017 0:00,
2,118,21,2350.02,0,2,0,61665,7/11/2023 0:00,
2,118,22,1210,0,2,0,541053,7/11/2023 0:00,
2,118,23,770,0,2,0,541054,7/11/2023 0:00,
2,119,1,7011,0,2,zemy,19,8/5/2023 0:00,
2,119,4,30,0,2,0,938579,9/6/2023 0:00,
2,119,5,7011,0,2,0,938580,9/6/2023 0:00,
2,119,8,1400,0,2,zemy,88,1/5/2023 0:00,
2,119,21,1187.76,0,2,0,61691,9/6/2023 0:00,
2,119,22,771.21,0,2,0,667160,9/6/2023 0:00,
2,119,23,490.77,0,2,0,667161,9/6/2023 0:00,
2,119,51,7011,0,2,0,938600,9/6/2023 0:00,
2,119,52,8411,0,2,0,938599,9/6/2023 0:00,
2,119,99,6732.47,0,2,0,938597,9/6/2023 0:00,
2,121,1,6000,0,2,zemy,21,8/5/2022 0:00,
2,121,8,1500,0,2,zemy,4000,8/5/2022 0:00,
2,121,21,935.01,0,2,0,61743,11/9/2022 0:00,
2,121,22,660,0,2,0,498567,11/9/2022 0:00,
2,121,23,420,0,2,0,498568,11/9/2022 0:00,
2,122,1,5200,0,2,zemy,22,8/5/2023 0:00,
2,122,3,0,0,2,0,957087,9/15/2023 0:00,
2,122,4,30,0,2,0,938161,9/15/2023 0:00,
2,122,5,5200,0,2,0,938162,9/15/2023 0:00,
2,122,8,1200,0,2,zemy,4005,8/5/2023 0:00,
2,122,11,0,0,2,0,957088,9/15/2023 0:00,
2,122,12,14,0,0,zemy,955647,9/11/2023 0:00,
2,122,13,663.55,0,2,0,955829,9/15/2023 0:00,
2,122,14,16,0,0,zemy,955648,9/11/2023 0:00,
2,122,15,866.66,0,2,0,955830,9/15/2023 0:00,
2,122,17,0,0,2,0,957089,9/15/2023 0:00,
2,122,21,1117.56,0,2,0,61769,9/15/2023 0:00,
2,122,22,572,0,2,0,232302,9/15/2023 0:00,
2,122,23,364,0,2,0,232303,9/15/2023 0:00,
2,122,24,0,0,2,0,957090,9/15/2023 0:00,
2,122,25,0,0,2,0,957091,9/15/2023 0:00,
2,122,27,0,0,2,0,957092,9/15/2023 0:00,
2,122,33,0,0,2,0,957093,9/15/2023 0:00,
2,122,34,0,0,2,0,957094,9/15/2023 0:00,
2,122,35,0,0,2,0,957095,9/15/2023 0:00,
2,122,37,0,0,2,0,957096,9/15/2023 0:00,
2,122,39,0,0,2,0,957097,9/15/2023 0:00,
2,122,41,0,0,2,0,957098,9/15/2023 0:00,
2,122,44,0,0,2,0,957099,9/15/2023 0:00,
2,122,46,800,0,2,zemy,775832,7/6/2022 0:00,
2,122,48,0,0,2,0,957100,9/15/2023 0:00,
2,122,50,1530.21,0,2,0,955844,9/15/2023 0:00,
2,122,51,6730.21,0,2,0,938182,9/15/2023 0:00,
2,122,52,7930.21,0,2,0,938181,9/15/2023 0:00,
2,122,62,0,0,2,0,957101,9/15/2023 0:00,
2,122,99,5648.65,0,2,0,938179,9/15/2023 0:00,
2,123,1,11300,0,2,zemy,23,10/12/2020 0:00,
2,123,8,3000,0,2,zemy,4010,4/15/2020 0:00,
2,123,9,4615.4,0,2,zemy,557027,8/5/2022 0:00,OT Card
2,123,18,4500,0,2,zemy,4011,2/4/2021 0:00,
2,123,21,4070.41,0,2,0,61795,8/5/2022 0:00,
2,123,22,1243,0,2,0,670910,8/5/2022 0:00,
2,123,23,791,0,2,0,670911,8/5/2022 0:00,
2,124,1,2800,0,2,zemy,24,8/5/2023 0:00,
2,124,3,0,0,2,0,957102,9/15/2023 0:00,
2,124,4,30,0,2,0,938184,9/15/2023 0:00,
2,124,5,2800,0,2,0,938185,9/15/2023 0:00,
2,124,8,600,0,2,zemy,4015,2/6/2020 0:00,
2,124,11,0,0,2,0,957103,9/15/2023 0:00,
2,124,13,0,0,2,0,957104,9/15/2023 0:00,
2,124,15,0,0,2,0,957105,9/15/2023 0:00,
2,124,17,0,0,2,0,957106,9/15/2023 0:00,
2,124,21,277.5,0,2,0,61821,9/15/2023 0:00,
2,124,22,308,0,2,0,78653,9/15/2023 0:00,
2,124,23,196,0,2,0,78654,9/15/2023 0:00,
2,124,24,0,0,2,0,957107,9/15/2023 0:00,
2,124,25,0,0,2,0,957108,9/15/2023 0:00,
2,124,27,0,0,2,0,957109,9/15/2023 0:00,
2,124,33,300,0,2,0,817760,9/15/2023 0:00,
2,124,34,0,0,2,0,957110,9/15/2023 0:00,
2,124,35,0,0,2,0,957111,9/15/2023 0:00,
2,124,37,0,0,2,0,957112,9/15/2023 0:00,
2,124,39,0,0,2,0,957113,9/15/2023 0:00,
2,124,41,0,0,2,0,957114,9/15/2023 0:00,
2,124,44,0,0,2,0,957115,9/15/2023 0:00,
2,124,46,400,0,2,zemy,812667,10/10/2022 0:00,
2,124,48,0,0,2,0,957116,9/15/2023 0:00,
2,124,50,0,0,2,0,957118,9/15/2023 0:00,
2,124,51,2800,0,2,0,938204,9/15/2023 0:00,
2,124,52,3400,0,2,0,938203,9/15/2023 0:00,
2,124,62,0,0,2,0,957117,9/15/2023 0:00,
2,124,99,2226.5,0,2,0,938201,9/15/2023 0:00,
2,125,1,15800,0,2,zemy,25,8/7/2023 0:00,
2,125,3,0,0,2,0,957119,9/15/2023 0:00,
2,125,4,30,0,2,0,938637,9/15/2023 0:00,
2,125,5,15800,0,2,0,938638,9/15/2023 0:00,
2,125,8,2000,0,2,zemy,4017,12/8/2020 0:00,
2,125,11,0,0,2,0,957120,9/15/2023 0:00,
2,125,13,0,0,2,0,957121,9/15/2023 0:00,
2,125,15,0,0,2,0,957122,9/15/2023 0:00,
2,125,17,0,0,2,0,957123,9/15/2023 0:00,
2,125,18,2200,0,2,zemy,778310,8/7/2023 0:00,
2,125,21,4030.02,0,2,0,61847,9/15/2023 0:00,
2,125,22,1738,0,2,0,929739,9/15/2023 0:00,
2,125,23,1106,0,2,0,929740,9/15/2023 0:00,
2,125,24,0,0,2,0,957124,9/15/2023 0:00,
2,125,25,0,0,2,0,957125,9/15/2023 0:00,
2,125,27,0,0,2,0,957126,9/15/2023 0:00,
2,125,33,0,0,2,0,957127,9/15/2023 0:00,
2,125,34,0,0,2,0,957128,9/15/2023 0:00,
2,125,35,0,0,2,0,957129,9/15/2023 0:00,
2,125,37,0,0,2,0,957130,9/15/2023 0:00,
2,125,39,0,0,2,0,957131,9/15/2023 0:00,
2,125,41,0,0,2,0,957132,9/15/2023 0:00,
2,125,44,0,0,2,0,957133,9/15/2023 0:00,
2,125,48,0,0,2,0,957134,9/15/2023 0:00,
2,125,50,0,0,2,0,957136,9/15/2023 0:00,
2,125,51,15800,0,2,0,938658,9/15/2023 0:00,
2,125,52,20000,0,2,0,938657,9/15/2023 0:00,
2,125,62,0,0,2,0,957135,9/15/2023 0:00,
2,125,99,14863.98,0,2,0,938655,9/15/2023 0:00,
2,126,1,1000,0,2,sysadmin,26,1/1/2015 0:00,
2,126,8,100,0,2,zemy,4019,7/19/2017 0:00,
2,127,1,9000,0,2,zemy,27,8/5/2023 0:00,
2,127,3,0,0,2,0,957137,9/15/2023 0:00,
2,127,4,30,0,2,0,938044,9/15/2023 0:00,
2,127,5,9000,0,2,0,938045,9/15/2023 0:00,
2,127,8,1000,0,2,zemy,4021,8/5/2022 0:00,
2,127,11,0,0,2,0,957138,9/15/2023 0:00,
2,127,13,0,0,2,0,957139,9/15/2023 0:00,
2,127,15,0,0,2,0,957140,9/15/2023 0:00,
2,127,17,0,0,2,0,957141,9/15/2023 0:00,
2,127,21,1745.01,0,2,0,288036,9/15/2023 0:00,
2,127,22,990,0,2,0,413065,9/15/2023 0:00,
2,127,23,630,0,2,0,413066,9/15/2023 0:00,
2,127,24,0,0,2,0,957142,9/15/2023 0:00,
2,127,25,0,0,2,0,957143,9/15/2023 0:00,
2,127,27,0,0,2,0,957144,9/15/2023 0:00,
2,127,33,500,0,2,0,783914,9/15/2023 0:00,
2,127,34,0,0,2,0,957145,9/15/2023 0:00,
2,127,35,0,0,2,0,957146,9/15/2023 0:00,
2,127,37,0,0,2,0,957147,9/15/2023 0:00,
2,127,39,0,0,2,0,957148,9/15/2023 0:00,
2,127,41,0,0,2,0,957149,9/15/2023 0:00,
2,127,44,0,0,2,0,957150,9/15/2023 0:00,
2,127,48,0,0,2,0,957151,9/15/2023 0:00,
2,127,50,0,0,2,0,957153,9/15/2023 0:00,
2,127,51,9000,0,2,0,938064,9/15/2023 0:00,
2,127,52,10000,0,2,0,938063,9/15/2023 0:00,
2,127,62,0,0,2,0,957152,9/15/2023 0:00,
2,127,99,7124.99,0,2,0,938061,9/15/2023 0:00,
2,128,1,7500,0,2,zemy,28,8/5/2023 0:00,
2,128,3,0,0,2,0,957154,9/15/2023 0:00,
2,128,4,30,0,2,0,938677,9/15/2023 0:00,
2,128,5,7500,0,2,0,938678,9/15/2023 0:00,
2,128,8,1000,0,2,zemy,4024,8/5/2022 0:00,
2,128,11,0,0,2,0,957155,9/15/2023 0:00,
2,128,12,14,0,0,zemy,955643,9/11/2023 0:00,
2,128,13,957.04,0,2,0,955899,9/15/2023 0:00,
2,128,14,23,0,0,zemy,955644,9/11/2023 0:00,
2,128,15,1796.88,0,2,0,955900,9/15/2023 0:00,
2,128,17,0,0,2,0,957156,9/15/2023 0:00,
2,128,21,2121.19,0,2,0,61899,9/15/2023 0:00,
2,128,22,825,0,2,0,232387,9/15/2023 0:00,
2,128,23,525,0,2,0,232388,9/15/2023 0:00,
2,128,24,0,0,2,0,957157,9/15/2023 0:00,
2,128,25,0,0,2,0,957158,9/15/2023 0:00,
2,128,27,0,0,2,0,957159,9/15/2023 0:00,
2,128,33,0,0,2,0,957160,9/15/2023 0:00,
2,128,34,0,0,2,0,957161,9/15/2023 0:00,
2,128,35,0,0,2,0,957162,9/15/2023 0:00,
2,128,37,0,0,2,0,957163,9/15/2023 0:00,
2,128,39,0,0,2,0,957164,9/15/2023 0:00,
2,128,41,0,0,2,0,957165,9/15/2023 0:00,
2,128,44,0,0,2,0,957166,9/15/2023 0:00,
2,128,46,400,0,2,zemy,792709,8/6/2022 0:00,
2,128,48,0,0,2,0,957167,9/15/2023 0:00,
2,128,50,2753.92,0,2,0,955914,9/15/2023 0:00,
2,128,51,10253.92,0,2,0,938698,9/15/2023 0:00,
2,128,52,11253.92,0,2,0,938697,9/15/2023 0:00,
2,128,62,0,0,2,0,957168,9/15/2023 0:00,
2,128,99,8207.73,0,2,0,938695,9/15/2023 0:00,
2,129,1,5200,0,2,zemy,29,10/9/2017 0:00,
2,129,8,1200,0,2,zemy,4028,10/9/2017 0:00,
2,129,21,737.5,0,2,0,61925,11/11/2019 0:00,
2,129,22,572,0,2,0,78729,11/11/2019 0:00,
2,129,23,364,0,2,0,78730,11/11/2019 0:00,
2,130,21,960.01,0,2,0,61951,11/13/2017 0:00,
2,130,22,671,0,2,0,78749,11/13/2017 0:00,
2,130,23,427,0,2,0,78750,11/13/2017 0:00,
2,132,21,112.5,0,2,0,61996,1/2/2018 0:00,
2,132,22,187,0,2,0,78787,1/2/2018 0:00,
2,132,23,119,0,2,0,78788,1/2/2018 0:00,
2,133,1,6500,0,2,zemy,778308,8/7/2023 0:00,
2,133,3,0,0,2,0,957169,9/15/2023 0:00,
2,133,4,30,0,2,0,938206,9/15/2023 0:00,
2,133,5,6500,0,2,0,938207,9/15/2023 0:00,
2,133,8,1550,0,2,zemy,4037,8/7/2023 0:00,
2,133,11,0,0,2,0,957170,9/15/2023 0:00,
2,133,12,14,0,0,zemy,955645,9/11/2023 0:00,
2,133,13,829.43,0,2,0,955917,9/15/2023 0:00,
2,133,14,25,0,0,zemy,955646,9/11/2023 0:00,
2,133,15,1692.72,0,2,0,955918,9/15/2023 0:00,
2,133,17,0,0,2,0,957171,9/15/2023 0:00,
2,133,21,1751.66,0,2,0,62022,9/15/2023 0:00,
2,133,22,715,0,2,0,264565,9/15/2023 0:00,
2,133,23,455,0,2,0,264566,9/15/2023 0:00,
2,133,24,0,0,2,0,957172,9/15/2023 0:00,
2,133,25,0,0,2,0,957173,9/15/2023 0:00,
2,133,27,0,0,2,0,957174,9/15/2023 0:00,
2,133,33,1000,0,2,0,815715,9/15/2023 0:00,
2,133,34,0,0,2,0,957175,9/15/2023 0:00,
2,133,35,0,0,2,0,957176,9/15/2023 0:00,
2,133,37,0,0,2,0,957177,9/15/2023 0:00,
2,133,39,0,0,2,0,957178,9/15/2023 0:00,
2,133,41,0,0,2,0,957179,9/15/2023 0:00,
2,133,44,0,0,2,0,957180,9/15/2023 0:00,
2,133,46,800,0,2,zemy,792710,8/6/2022 0:00,
2,133,48,0,0,2,0,957181,9/15/2023 0:00,
2,133,50,2522.15,0,2,0,955931,9/15/2023 0:00,
2,133,51,9022.15,0,2,0,938226,9/15/2023 0:00,
2,133,52,10572.15,0,2,0,938225,9/15/2023 0:00,
2,133,62,0,0,2,0,957182,9/15/2023 0:00,
2,133,99,6565.49,0,2,0,938223,9/15/2023 0:00,
2,134,1,13000,0,2,zemy,34,8/5/2023 0:00,
2,134,3,0,0,2,0,957183,9/15/2023 0:00,
2,134,4,30,0,2,0,938717,9/15/2023 0:00,
2,134,5,13000,0,2,0,938718,9/15/2023 0:00,
2,134,8,2000,0,2,zemy,4042,12/8/2020 0:00,
2,134,11,0,0,2,0,957184,9/15/2023 0:00,
2,134,13,0,0,2,0,957185,9/15/2023 0:00,
2,134,15,0,0,2,0,957186,9/15/2023 0:00,
2,134,17,0,0,2,0,957187,9/15/2023 0:00,
2,134,21,3050.02,0,2,0,62048,9/15/2023 0:00,
2,134,22,0,0,2,0,957188,9/15/2023 0:00,
2,134,23,0,0,2,0,957189,9/15/2023 0:00,
2,134,24,0,0,2,0,957190,9/15/2023 0:00,
2,134,25,0,0,2,0,957191,9/15/2023 0:00,
2,134,27,0,0,2,0,957192,9/15/2023 0:00,
2,134,33,0,0,2,0,957193,9/15/2023 0:00,
2,134,34,0,0,2,0,957194,9/15/2023 0:00,
2,134,35,0,0,2,0,957195,9/15/2023 0:00,
2,134,37,0,0,2,0,957196,9/15/2023 0:00,
2,134,39,0,0,2,0,957197,9/15/2023 0:00,
2,134,41,0,0,2,0,957198,9/15/2023 0:00,
2,134,44,0,0,2,0,957199,9/15/2023 0:00,
2,134,48,0,0,2,0,957200,9/15/2023 0:00,
2,134,50,0,0,2,0,957202,9/15/2023 0:00,
2,134,51,13000,0,2,0,938740,9/15/2023 0:00,
2,134,52,15000,0,2,0,938739,9/15/2023 0:00,
2,134,62,0,0,2,0,957201,9/15/2023 0:00,
2,134,99,11949.98,0,2,0,938737,9/15/2023 0:00,
2,135,1,2200,0,2,zemy,35,10/9/2017 0:00,
2,135,8,500,0,2,zemy,4043,10/9/2017 0:00,
2,135,21,187.5,0,2,0,62074,4/13/2019 0:00,
2,135,22,242,0,2,0,257445,4/13/2019 0:00,
2,135,23,154,0,2,0,257446,4/13/2019 0:00,
2,136,1,5500,0,2,zemy,36,8/7/2023 0:00,
2,136,3,0,0,2,0,957203,9/15/2023 0:00,
2,136,4,30,0,2,0,937725,9/15/2023 0:00,
2,136,5,5500,0,2,0,937726,9/15/2023 0:00,
2,136,8,1300,0,2,zemy,4046,8/7/2023 0:00,
2,136,11,0,0,2,0,957204,9/15/2023 0:00,
2,136,13,0,0,2,0,957205,9/15/2023 0:00,
2,136,15,0,0,2,0,957206,9/15/2023 0:00,
2,136,17,0,0,2,0,957207,9/15/2023 0:00,
2,136,21,810.01,0,2,0,62100,9/15/2023 0:00,
2,136,22,605,0,2,0,929854,9/15/2023 0:00,
2,136,23,385,0,2,0,929855,9/15/2023 0:00,
2,136,24,0,0,2,0,957208,9/15/2023 0:00,
2,136,25,0,0,2,0,957209,9/15/2023 0:00,
2,136,27,0,0,2,0,957210,9/15/2023 0:00,
2,136,32,251.2,0,0,zemy,954368,9/6/2023 0:00,
2,136,33,600,0,2,0,843700,9/15/2023 0:00,
2,136,34,0,0,2,0,957211,9/15/2023 0:00,
2,136,35,0,0,2,0,957212,9/15/2023 0:00,
2,136,37,0,0,2,0,957213,9/15/2023 0:00,
2,136,39,0,0,2,0,957214,9/15/2023 0:00,
2,136,41,0,0,2,0,957215,9/15/2023 0:00,
2,136,44,0,0,2,0,957216,9/15/2023 0:00,
2,136,46,1000,0,2,zemy,799825,6/7/2023 0:00,
2,136,48,0,0,2,0,957217,9/15/2023 0:00,
2,136,50,0,0,2,0,957219,9/15/2023 0:00,
2,136,51,5500,0,2,0,937745,9/15/2023 0:00,
2,136,52,6800,0,2,0,937744,9/15/2023 0:00,
2,136,62,0,0,2,0,957218,9/15/2023 0:00,
2,136,99,3753.79,0,2,0,937742,9/15/2023 0:00,
2,137,1,3400,0,2,zemy,37,2/6/2020 0:00,
2,137,8,600,0,2,zemy,4049,2/6/2020 0:00,
2,137,21,377.5,0,2,0,62126,4/8/2022 0:00,
2,137,22,374,0,2,0,399718,4/8/2022 0:00,
2,137,23,238,0,2,0,399719,4/8/2022 0:00,
2,137,33,417,0,2,0,733992,4/8/2022 0:00,
2,138,1,7000,0,2,zemy,38,8/5/2023 0:00,
2,138,3,0,0,2,0,957220,9/15/2023 0:00,
2,138,4,30,0,2,0,937747,9/15/2023 0:00,
2,138,5,7000,0,2,0,937748,9/15/2023 0:00,
2,138,8,800,0,2,zemy,4051,12/8/2020 0:00,
2,138,10,5,0,0,zemy,955660,9/11/2023 0:00,
2,138,11,273.44,0,2,0,955970,9/15/2023 0:00,
2,138,12,20,0,0,zemy,955661,9/11/2023 0:00,
2,138,13,1276.05,0,2,0,955971,9/15/2023 0:00,
2,138,14,16,0,0,zemy,955662,9/11/2023 0:00,
2,138,15,1166.66,0,2,0,955972,9/15/2023 0:00,
2,138,17,0,0,2,0,957221,9/15/2023 0:00,
2,138,21,1959.86,0,2,0,62152,9/15/2023 0:00,
2,138,22,770,0,2,0,232518,9/15/2023 0:00,
2,138,23,490,0,2,0,232519,9/15/2023 0:00,
2,138,24,0,0,2,0,957222,9/15/2023 0:00,
2,138,25,0,0,2,0,957223,9/15/2023 0:00,
2,138,27,0,0,2,0,957224,9/15/2023 0:00,
2,138,33,417,0,2,0,783915,9/15/2023 0:00,
2,138,34,0,0,2,0,957225,9/15/2023 0:00,
2,138,35,0,0,2,0,957226,9/15/2023 0:00,
2,138,37,0,0,2,0,957227,9/15/2023 0:00,
2,138,39,0,0,2,0,957228,9/15/2023 0:00,
2,138,41,0,0,2,0,957229,9/15/2023 0:00,
2,138,44,0,0,2,0,957230,9/15/2023 0:00,
2,138,46,700,0,2,zemy,799824,9/6/2022 0:00,
2,138,48,0,0,2,0,957231,9/15/2023 0:00,
2,138,50,2716.15,0,2,0,955985,9/15/2023 0:00,
2,138,51,9716.15,0,2,0,937767,9/15/2023 0:00,
2,138,52,10516.15,0,2,0,937766,9/15/2023 0:00,
2,138,62,0,0,2,0,957232,9/15/2023 0:00,
2,138,99,6949.29,0,2,0,937764,9/15/2023 0:00,
2,139,1,6700,0,2,zemy,39,8/5/2023 0:00,
2,139,3,0,0,2,0,957233,9/15/2023 0:00,
2,139,4,30,0,2,0,937769,9/15/2023 0:00,
2,139,5,6700,0,2,0,937770,9/15/2023 0:00,
2,139,8,700,0,2,zemy,4057,10/9/2017 0:00,
2,139,11,0,0,2,0,957234,9/15/2023 0:00,
2,139,12,14,0,0,zemy,955663,9/11/2023 0:00,
2,139,13,854.94,0,2,0,955988,9/15/2023 0:00,
2,139,14,19,0,0,zemy,955664,9/11/2023 0:00,
2,139,15,1326.04,0,2,0,955989,9/15/2023 0:00,
2,139,17,0,0,2,0,957235,9/15/2023 0:00,
2,139,21,1709.31,0,2,0,62178,9/15/2023 0:00,
2,139,22,737,0,2,0,530532,9/15/2023 0:00,
2,139,23,469,0,2,0,530533,9/15/2023 0:00,
2,139,24,0,0,2,0,957236,9/15/2023 0:00,
2,139,25,0,0,2,0,957237,9/15/2023 0:00,
2,139,27,0,0,2,0,957238,9/15/2023 0:00,
2,139,33,370,0,2,0,760911,9/15/2023 0:00,
2,139,34,0,0,2,0,957239,9/15/2023 0:00,
2,139,35,0,0,2,0,957240,9/15/2023 0:00,
2,139,37,0,0,2,0,957241,9/15/2023 0:00,
2,139,39,0,0,2,0,957242,9/15/2023 0:00,
2,139,41,0,0,2,0,957243,9/15/2023 0:00,
2,139,44,0,0,2,0,957244,9/15/2023 0:00,
2,139,46,1000,0,2,zemy,792711,8/6/2022 0:00,
2,139,48,0,0,2,0,957245,9/15/2023 0:00,
2,139,50,2180.98,0,2,0,956002,9/15/2023 0:00,
2,139,51,8880.98,0,2,0,937789,9/15/2023 0:00,
2,139,52,9580.98,0,2,0,937788,9/15/2023 0:00,
2,139,62,0,0,2,0,957246,9/15/2023 0:00,
2,139,99,6032.67,0,2,0,937786,9/15/2023 0:00,
2,140,1,13000,0,2,zemy,40,8/5/2023 0:00,
2,140,3,0,0,2,0,957247,9/15/2023 0:00,
2,140,4,30,0,2,0,938793,9/15/2023 0:00,
2,140,5,13000,0,2,0,938794,9/15/2023 0:00,
2,140,8,2000,0,2,zemy,4062,8/5/2022 0:00,
2,140,11,0,0,2,0,957248,9/15/2023 0:00,
2,140,13,0,0,2,0,957249,9/15/2023 0:00,
2,140,15,0,0,2,0,957250,9/15/2023 0:00,
2,140,17,0,0,2,0,957251,9/15/2023 0:00,
2,140,18,2000,0,0,zemy,945252,9/5/2023 0:00,
2,140,21,3050.02,0,2,0,62204,9/15/2023 0:00,
2,140,22,1430,0,2,0,180936,9/15/2023 0:00,
2,140,23,910,0,2,0,180937,9/15/2023 0:00,
2,140,24,0,0,2,0,957252,9/15/2023 0:00,
2,140,25,0,0,2,0,957253,9/15/2023 0:00,
2,140,27,0,0,2,0,957254,9/15/2023 0:00,
2,140,33,0,0,2,0,957255,9/15/2023 0:00,
2,140,34,0,0,2,0,957256,9/15/2023 0:00,
2,140,35,0,0,2,0,957257,9/15/2023 0:00,
2,140,37,0,0,2,0,957258,9/15/2023 0:00,
2,140,39,0,0,2,0,957259,9/15/2023 0:00,
2,140,41,0,0,2,0,957260,9/15/2023 0:00,
2,140,44,0,0,2,0,957261,9/15/2023 0:00,
2,140,46,500,0,2,zemy,834236,1/5/2023 0:00,
2,140,48,0,0,2,0,957262,9/15/2023 0:00,
2,140,50,0,0,2,0,957264,9/15/2023 0:00,
2,140,51,13000,0,2,0,938814,9/15/2023 0:00,
2,140,52,17000,0,2,0,938813,9/15/2023 0:00,
2,140,62,0,0,2,0,957263,9/15/2023 0:00,
2,140,99,12539.98,0,2,0,938811,9/15/2023 0:00,
2,141,1,19000,0,2,zemy,41,8/7/2023 0:00,
2,141,3,0,0,2,0,957265,9/15/2023 0:00,
2,141,4,30,0,2,0,938816,9/15/2023 0:00,
2,141,5,19000,0,2,0,938817,9/15/2023 0:00,
2,141,8,2000,0,2,zemy,4066,10/9/2017 0:00,
2,141,11,0,0,2,0,957266,9/15/2023 0:00,
2,141,13,0,0,2,0,957267,9/15/2023 0:00,
2,141,15,0,0,2,0,957268,9/15/2023 0:00,
2,141,17,0,0,2,0,957269,9/15/2023 0:00,
2,141,18,2000,0,2,zemy,778313,8/7/2023 0:00,
2,141,21,5150.02,0,2,0,62230,9/15/2023 0:00,
2,141,22,2090,0,2,0,78961,9/15/2023 0:00,
2,141,23,1330,0,2,0,78962,9/15/2023 0:00,
2,141,24,0,0,2,0,957270,9/15/2023 0:00,
2,141,25,0,0,2,0,957271,9/15/2023 0:00,
2,141,27,0,0,2,0,957272,9/15/2023 0:00,
2,141,33,0,0,2,0,957273,9/15/2023 0:00,
2,141,34,0,0,2,0,957274,9/15/2023 0:00,
2,141,35,0,0,2,0,957275,9/15/2023 0:00,
2,141,37,0,0,2,0,957276,9/15/2023 0:00,
2,141,39,0,0,2,0,957277,9/15/2023 0:00,
2,141,41,0,0,2,0,957278,9/15/2023 0:00,
2,141,44,0,0,2,0,957279,9/15/2023 0:00,
2,141,48,0,0,2,0,957280,9/15/2023 0:00,
2,141,50,0,0,2,0,957282,9/15/2023 0:00,
2,141,51,19000,0,2,0,938837,9/15/2023 0:00,
2,141,52,23000,0,2,0,938836,9/15/2023 0:00,
2,141,62,0,0,2,0,957281,9/15/2023 0:00,
2,141,99,16519.98,0,2,0,938834,9/15/2023 0:00,
2,143,1,4600,0,2,zemy,43,8/5/2023 0:00,
2,143,3,0,0,2,0,957283,9/15/2023 0:00,
2,143,4,30,0,2,0,937365,9/15/2023 0:00,
2,143,5,4600,0,2,0,937366,9/15/2023 0:00,
2,143,8,600,0,2,zemy,4072,2/6/2020 0:00,
2,143,11,0,0,2,0,957284,9/15/2023 0:00,
2,143,12,14,0,0,zemy,955666,9/11/2023 0:00,
2,143,13,586.98,0,2,0,956041,9/15/2023 0:00,
2,143,15,0,0,2,0,957285,9/15/2023 0:00,
2,143,17,0,0,2,0,957286,9/15/2023 0:00,
2,143,21,734.9,0,2,0,62282,9/15/2023 0:00,
2,143,22,506,0,2,0,928304,9/15/2023 0:00,
2,143,23,322,0,2,0,928305,9/15/2023 0:00,
2,143,24,0,0,2,0,957287,9/15/2023 0:00,
2,143,25,0,0,2,0,957288,9/15/2023 0:00,
2,143,27,0,0,2,0,957289,9/15/2023 0:00,
2,143,32,176.92,0,1,zemy,937645,9/4/2023 0:00,
2,143,33,200,0,2,0,831903,9/15/2023 0:00,
2,143,34,0,0,2,0,957290,9/15/2023 0:00,
2,143,35,0,0,2,0,957291,9/15/2023 0:00,
2,143,37,0,0,2,0,957292,9/15/2023 0:00,
2,143,39,0,0,2,0,957293,9/15/2023 0:00,
2,143,41,0,0,2,0,957294,9/15/2023 0:00,
2,143,44,0,0,2,0,957295,9/15/2023 0:00,
2,143,46,1000,0,1,zemy,929091,8/21/2023 0:00,
2,143,48,0,0,2,0,957296,9/15/2023 0:00,
2,143,50,586.98,0,2,0,956055,9/15/2023 0:00,
2,143,51,5186.98,0,2,0,937385,9/15/2023 0:00,
2,143,52,5786.98,0,2,0,937384,9/15/2023 0:00,
2,143,62,0,0,2,0,957297,9/15/2023 0:00,
2,143,99,3353.16,0,2,0,937382,9/15/2023 0:00,
2,144,21,100,0,2,0,62308,4/3/2018 0:00,
2,144,22,176,0,2,0,155496,4/3/2018 0:00,
2,144,23,112,0,2,0,155497,4/3/2018 0:00,
2,145,1,17800,0,2,zemy,45,8/7/2023 0:00,
2,145,3,0,0,2,0,957298,9/15/2023 0:00,
2,145,4,30,0,2,0,938856,9/15/2023 0:00,
2,145,5,17800,0,2,0,938857,9/15/2023 0:00,
2,145,8,2000,0,2,zemy,4078,12/8/2020 0:00,
2,145,11,0,0,2,0,957299,9/15/2023 0:00,
2,145,13,0,0,2,0,957300,9/15/2023 0:00,
2,145,15,0,0,2,0,957301,9/15/2023 0:00,
2,145,17,0,0,2,0,957302,9/15/2023 0:00,
2,145,18,2200,0,2,zemy,819362,8/7/2023 0:00,
2,145,21,4730.02,0,2,0,62334,9/15/2023 0:00,
2,145,22,1958,0,2,0,487296,9/15/2023 0:00,
2,145,23,1246,0,2,0,487297,9/15/2023 0:00,
2,145,24,0,0,2,0,957303,9/15/2023 0:00,
2,145,25,0,0,2,0,957304,9/15/2023 0:00,
2,145,27,0,0,2,0,957305,9/15/2023 0:00,
2,145,33,0,0,2,0,957306,9/15/2023 0:00,
2,145,34,0,0,2,0,957307,9/15/2023 0:00,
2,145,35,0,0,2,0,957308,9/15/2023 0:00,
2,145,37,0,0,2,0,957309,9/15/2023 0:00,
2,145,39,0,0,2,0,957310,9/15/2023 0:00,
2,145,41,0,0,2,0,957311,9/15/2023 0:00,
2,145,44,0,0,2,0,957312,9/15/2023 0:00,
2,145,46,500,0,2,zemy,792713,8/6/2022 0:00,
2,145,48,0,0,2,0,957313,9/15/2023 0:00,
2,145,50,0,0,2,0,957315,9/15/2023 0:00,
2,145,51,17800,0,2,0,938877,9/15/2023 0:00,
2,145,52,22000,0,2,0,938876,9/15/2023 0:00,
2,145,62,0,0,2,0,957314,9/15/2023 0:00,
2,145,99,15523.98,0,2,0,938874,9/15/2023 0:00,
2,146,1,5000,0,2,zemy,46,8/5/2022 0:00,
2,146,8,1100,0,2,zemy,4080,6/5/2021 0:00,
2,146,21,697.5,0,2,0,62360,4/25/2023 0:00,
2,146,22,550,0,2,0,399857,4/25/2023 0:00,
2,146,23,350,0,2,0,399858,4/25/2023 0:00,
2,147,1,6600,0,2,zemy,47,8/5/2023 0:00,
2,147,3,0,0,2,0,957316,9/15/2023 0:00,
2,147,4,30,0,2,0,937791,9/15/2023 0:00,
2,147,5,6600,0,2,0,937792,9/15/2023 0:00,
2,147,8,600,0,2,zemy,4081,10/9/2017 0:00,
2,147,11,0,0,2,0,957317,9/15/2023 0:00,
2,147,12,14,0,0,zemy,955655,9/11/2023 0:00,
2,147,13,842.19,0,2,0,956076,9/15/2023 0:00,
2,147,14,19,0,0,zemy,955656,9/11/2023 0:00,
2,147,15,1306.24,0,2,0,956077,9/15/2023 0:00,
2,147,17,0,0,2,0,957318,9/15/2023 0:00,
2,147,21,1669.54,0,2,0,62386,9/15/2023 0:00,
2,147,22,726,0,2,0,399874,9/15/2023 0:00,
2,147,23,462,0,2,0,399875,9/15/2023 0:00,
2,147,24,0,0,2,0,957319,9/15/2023 0:00,
2,147,25,0,0,2,0,957320,9/15/2023 0:00,
2,147,27,0,0,2,0,957321,9/15/2023 0:00,
2,147,33,500,0,2,0,817750,9/15/2023 0:00,
2,147,34,0,0,2,0,957322,9/15/2023 0:00,
2,147,35,0,0,2,0,957323,9/15/2023 0:00,
2,147,37,0,0,2,0,957324,9/15/2023 0:00,
2,147,39,0,0,2,0,957325,9/15/2023 0:00,
2,147,41,0,0,2,0,957326,9/15/2023 0:00,
2,147,44,0,0,2,0,957327,9/15/2023 0:00,
2,147,48,0,0,2,0,957328,9/15/2023 0:00,
2,147,50,2148.43,0,2,0,956090,9/15/2023 0:00,
2,147,51,8748.43,0,2,0,937811,9/15/2023 0:00,
2,147,52,9348.43,0,2,0,937810,9/15/2023 0:00,
2,147,62,0,0,2,0,957329,9/15/2023 0:00,
2,147,99,6716.89,0,2,0,937808,9/15/2023 0:00,
2,148,1,6700,0,2,zemy,48,8/5/2023 0:00,
2,148,3,0,0,2,0,957330,9/15/2023 0:00,
2,148,4,30,0,2,0,937975,9/15/2023 0:00,
2,148,5,6700,0,2,0,937976,9/15/2023 0:00,
2,148,8,800,0,2,zemy,4086,2/7/2020 0:00,
2,148,10,5,0,0,zemy,955657,9/11/2023 0:00,
2,148,11,261.72,0,2,0,956092,9/15/2023 0:00,
2,148,12,16.5,0,0,zemy,955658,9/11/2023 0:00,
2,148,13,1007.62,0,2,0,956093,9/15/2023 0:00,
2,148,14,7,0,0,zemy,955659,9/11/2023 0:00,
2,148,15,488.54,0,2,0,956094,9/15/2023 0:00,
2,148,17,0,0,2,0,957331,9/15/2023 0:00,
2,148,21,1582.38,0,2,0,62412,9/15/2023 0:00,
2,148,22,737,0,2,0,927115,9/15/2023 0:00,
2,148,23,469,0,2,0,927116,9/15/2023 0:00,
2,148,24,0,0,2,0,957332,9/15/2023 0:00,
2,148,25,0,0,2,0,957333,9/15/2023 0:00,
2,148,27,0,0,2,0,957334,9/15/2023 0:00,
2,148,33,500,0,2,0,931012,9/15/2023 0:00,
2,148,34,0,0,2,0,957335,9/15/2023 0:00,
2,148,35,0,0,2,0,957336,9/15/2023 0:00,
2,148,37,0,0,2,0,957337,9/15/2023 0:00,
2,148,39,0,0,2,0,957338,9/15/2023 0:00,
2,148,41,0,0,2,0,957339,9/15/2023 0:00,
2,148,44,0,0,2,0,957340,9/15/2023 0:00,
2,148,48,0,0,2,0,957341,9/15/2023 0:00,
2,148,50,1757.88,0,2,0,956107,9/15/2023 0:00,
2,148,51,8457.88,0,2,0,937995,9/15/2023 0:00,
2,148,52,9257.88,0,2,0,937994,9/15/2023 0:00,
2,148,62,0,0,2,0,957342,9/15/2023 0:00,
2,148,99,6706.5,0,2,0,937992,9/15/2023 0:00,
2,149,1,6600,0,2,zemy,49,8/5/2023 0:00,
2,149,3,0,0,2,0,957343,9/15/2023 0:00,
2,149,4,30,0,2,0,938090,9/15/2023 0:00,
2,149,5,6600,0,2,0,938091,9/15/2023 0:00,
2,149,8,600,0,2,zemy,4091,2/6/2020 0:00,
2,149,11,0,0,2,0,957344,9/15/2023 0:00,
2,149,13,0,0,2,0,957345,9/15/2023 0:00,
2,149,14,16,0,0,zemy,955654,9/11/2023 0:00,
2,149,15,1100,0,2,0,956111,9/15/2023 0:00,
2,149,17,0,0,2,0,957346,9/15/2023 0:00,
2,149,21,1360.01,0,2,0,62438,9/15/2023 0:00,
2,149,22,726,0,2,0,487387,9/15/2023 0:00,
2,149,23,462,0,2,0,487388,9/15/2023 0:00,
2,149,24,0,0,2,0,957347,9/15/2023 0:00,
2,149,25,0,0,2,0,957348,9/15/2023 0:00,
2,149,27,0,0,2,0,957349,9/15/2023 0:00,
2,149,33,500,0,2,0,931015,9/15/2023 0:00,
2,149,34,0,0,2,0,957350,9/15/2023 0:00,
2,149,35,0,0,2,0,957351,9/15/2023 0:00,
2,149,37,0,0,2,0,957352,9/15/2023 0:00,
2,149,39,0,0,2,0,957353,9/15/2023 0:00,
2,149,41,0,0,2,0,957354,9/15/2023 0:00,
2,149,44,0,0,2,0,957355,9/15/2023 0:00,
2,149,46,1000,0,2,zemy,792716,8/6/2022 0:00,
2,149,48,0,0,2,0,957356,9/15/2023 0:00,
2,149,50,1100,0,2,0,956124,9/15/2023 0:00,
2,149,51,7700,0,2,0,938110,9/15/2023 0:00,
2,149,52,8300,0,2,0,938109,9/15/2023 0:00,
2,149,62,0,0,2,0,957357,9/15/2023 0:00,
2,149,99,4977.99,0,2,0,938107,9/15/2023 0:00,
2,150,1,2200,0,2,zemy,50,10/9/2017 0:00,
2,150,8,500,0,2,zemy,4097,10/9/2017 0:00,
2,150,21,187.5,0,2,0,62464,5/23/2019 0:00,
2,150,22,242,0,2,0,172221,5/23/2019 0:00,
2,150,23,154,0,2,0,172222,5/23/2019 0:00,
2,151,1,8500,0,2,zemy,51,8/5/2022 0:00,
2,151,8,2005.01,0,2,zemy,4100,9/6/2021 0:00,
2,151,21,1595.01,0,2,0,62490,11/9/2022 0:00,
2,151,22,935,0,2,0,690265,11/9/2022 0:00,
2,151,23,595,0,2,0,690266,11/9/2022 0:00,
2,152,1,38500,0,2,zemy,52,8/5/2023 0:00,
2,152,3,0,0,2,0,957358,9/15/2023 0:00,
2,152,4,30,0,2,0,938930,9/15/2023 0:00,
2,152,5,38500,0,2,0,938931,9/15/2023 0:00,
2,152,8,2300,0,2,zemy,778314,8/5/2023 0:00,
2,152,11,0,0,2,0,957359,9/15/2023 0:00,
2,152,13,0,0,2,0,957360,9/15/2023 0:00,
2,152,15,0,0,2,0,957361,9/15/2023 0:00,
2,152,17,0,0,2,0,957362,9/15/2023 0:00,
2,152,18,2200,0,2,zemy,929173,8/5/2023 0:00,
2,152,21,11975.02,0,2,0,62516,9/15/2023 0:00,
2,152,22,4235,0,2,0,79171,9/15/2023 0:00,
2,152,23,2695,0,2,0,79172,9/15/2023 0:00,
2,152,24,0,0,2,0,957363,9/15/2023 0:00,
2,152,25,0,0,2,0,957364,9/15/2023 0:00,
2,152,27,0,0,2,0,957365,9/15/2023 0:00,
2,152,33,0,0,2,0,957366,9/15/2023 0:00,
2,152,34,0,0,2,0,957367,9/15/2023 0:00,
2,152,35,0,0,2,0,957368,9/15/2023 0:00,
2,152,37,0,0,2,0,957369,9/15/2023 0:00,
2,152,39,0,0,2,0,957370,9/15/2023 0:00,
2,152,41,0,0,2,0,957371,9/15/2023 0:00,
2,152,44,0,0,2,0,957372,9/15/2023 0:00,
2,152,48,0,0,2,0,957373,9/15/2023 0:00,
2,152,50,0,0,2,0,957375,9/15/2023 0:00,
2,152,51,38500,0,2,0,938951,9/15/2023 0:00,
2,152,52,43000,0,2,0,938950,9/15/2023 0:00,
2,152,62,0,0,2,0,957374,9/15/2023 0:00,
2,152,99,28329.98,0,2,0,938948,9/15/2023 0:00,
2,153,1,7200,0,2,zemy,53,8/5/2023 0:00,
2,153,3,0,0,2,0,957376,9/15/2023 0:00,
2,153,4,30,0,2,0,937953,9/15/2023 0:00,
2,153,5,7200,0,2,0,937954,9/15/2023 0:00,
2,153,8,800,0,2,zemy,4105,10/9/2017 0:00,
2,153,10,5,0,0,zemy,955674,9/11/2023 0:00,
2,153,11,281.25,0,2,0,956144,9/15/2023 0:00,
2,153,12,20,0,0,zemy,955675,9/11/2023 0:00,
2,153,13,1312.5,0,2,0,956145,9/15/2023 0:00,
2,153,14,18.5,0,0,zemy,955676,9/11/2023 0:00,
2,153,15,1387.5,0,2,0,956146,9/15/2023 0:00,
2,153,17,0,0,2,0,957377,9/15/2023 0:00,
2,153,21,2099.39,0,2,0,62542,9/15/2023 0:00,
2,153,22,792,0,2,0,316853,9/15/2023 0:00,
2,153,23,504,0,2,0,316854,9/15/2023 0:00,
2,153,24,0,0,2,0,957378,9/15/2023 0:00,
2,153,25,0,0,2,0,957379,9/15/2023 0:00,
2,153,27,0,0,2,0,957380,9/15/2023 0:00,
2,153,33,500,0,2,0,868254,9/15/2023 0:00,
2,153,34,0,0,2,0,957381,9/15/2023 0:00,
2,153,35,0,0,2,0,957382,9/15/2023 0:00,
2,153,37,0,0,2,0,957383,9/15/2023 0:00,
2,153,39,0,0,2,0,957384,9/15/2023 0:00,
2,153,41,0,0,2,0,957385,9/15/2023 0:00,
2,153,44,0,0,2,0,957386,9/15/2023 0:00,
2,153,46,300,0,2,zemy,792717,8/6/2022 0:00,
2,153,48,0,0,2,0,957387,9/15/2023 0:00,
2,153,50,2981.25,0,2,0,956159,9/15/2023 0:00,
2,153,51,10181.25,0,2,0,937973,9/15/2023 0:00,
2,153,52,10981.25,0,2,0,937972,9/15/2023 0:00,
2,153,62,0,0,2,0,957388,9/15/2023 0:00,
2,153,99,7577.86,0,2,0,937970,9/15/2023 0:00,
2,154,1,2900,0,2,zemy,54,2/6/2020 0:00,
2,154,8,600,0,2,zemy,4109,9/3/2018 0:00,
2,155,1,2900,0,2,zemy,55,8/5/2022 0:00,
2,155,3,0,0,2,0,957389,9/15/2023 0:00,
2,155,4,30,0,2,0,938970,9/15/2023 0:00,
2,155,5,2900,0,2,0,938971,9/15/2023 0:00,
2,155,8,800,0,2,zemy,4112,8/5/2022 0:00,
2,155,11,0,0,2,0,957390,9/15/2023 0:00,
2,155,13,0,0,2,0,957391,9/15/2023 0:00,
2,155,15,0,0,2,0,957392,9/15/2023 0:00,
2,155,17,0,0,2,0,957393,9/15/2023 0:00,
2,155,21,292.5,0,2,0,62646,9/15/2023 0:00,
2,155,22,319,0,2,0,604490,9/15/2023 0:00,
2,155,23,203,0,2,0,604491,9/15/2023 0:00,
2,155,24,0,0,2,0,957394,9/15/2023 0:00,
2,155,25,0,0,2,0,957395,9/15/2023 0:00,
2,155,27,0,0,2,0,957396,9/15/2023 0:00,
2,155,33,0,0,2,0,957397,9/15/2023 0:00,
2,155,34,0,0,2,0,957398,9/15/2023 0:00,
2,155,35,0,0,2,0,957399,9/15/2023 0:00,
2,155,37,0,0,2,0,957400,9/15/2023 0:00,
2,155,39,0,0,2,0,957401,9/15/2023 0:00,
2,155,41,0,0,2,0,957402,9/15/2023 0:00,
2,155,44,0,0,2,0,957403,9/15/2023 0:00,
2,155,48,0,0,2,0,957404,9/15/2023 0:00,
2,155,50,0,0,2,0,957406,9/15/2023 0:00,
2,155,51,2900,0,2,0,938991,9/15/2023 0:00,
2,155,52,3700,0,2,0,938990,9/15/2023 0:00,
2,155,62,0,0,2,0,957405,9/15/2023 0:00,
2,155,99,3204.5,0,2,0,938988,9/15/2023 0:00,
2,157,1,1500,0,2,zemy,57,10/10/2017 0:00,
2,157,8,300,0,2,zemy,4116,10/10/2017 0:00,
2,157,22,165,0,2,0,337574,5/6/2019 0:00,
2,157,23,105,0,2,0,337575,5/6/2019 0:00,
2,158,1,1400,0,2,zemy,58,10/10/2017 0:00,
2,158,8,350,0,2,zemy,4118,10/10/2017 0:00,
2,158,21,80,0,2,0,62724,4/13/2019 0:00,
2,159,1,1800,0,2,zemy,59,4/8/2019 0:00,
2,159,8,450,0,2,zemy,4119,4/8/2019 0:00,
2,160,1,6600,0,2,zemy,60,8/5/2023 0:00,
2,160,3,0,0,2,0,957407,9/15/2023 0:00,
2,160,4,30,0,2,0,938020,9/15/2023 0:00,
2,160,5,6600,0,2,0,938021,9/15/2023 0:00,
2,160,8,1100,0,2,zemy,4123,8/5/2022 0:00,
2,160,11,0,0,2,0,957408,9/15/2023 0:00,
2,160,12,3.5,0,0,zemy,955629,9/11/2023 0:00,
2,160,13,210.54,0,2,0,956180,9/15/2023 0:00,
2,160,14,4,0,0,zemy,955630,9/11/2023 0:00,
2,160,15,275,0,2,0,956181,9/15/2023 0:00,
2,160,17,0,0,2,0,957409,9/15/2023 0:00,
2,160,21,1206.39,0,2,0,62776,9/15/2023 0:00,
2,160,22,0,0,2,0,957410,9/15/2023 0:00,
2,160,23,0,0,2,0,957411,9/15/2023 0:00,
2,160,24,0,0,2,0,957412,9/15/2023 0:00,
2,160,25,0,0,2,0,957413,9/15/2023 0:00,
2,160,27,0,0,2,0,957414,9/15/2023 0:00,
2,160,32,7.93,0,1,zemy,937651,9/4/2023 0:00,
2,160,33,400,0,2,0,868257,9/15/2023 0:00,
2,160,34,0,0,2,0,957415,9/15/2023 0:00,
2,160,35,0,0,2,0,957416,9/15/2023 0:00,
2,160,37,0,0,2,0,957417,9/15/2023 0:00,
2,160,39,0,0,2,0,957418,9/15/2023 0:00,
2,160,41,0,0,2,0,957419,9/15/2023 0:00,
2,160,44,0,0,2,0,957420,9/15/2023 0:00,
2,160,46,500,0,2,zemy,792719,8/6/2022 0:00,
2,160,48,0,0,2,0,957421,9/15/2023 0:00,
2,160,50,485.54,0,2,0,956196,9/15/2023 0:00,
2,160,51,7085.54,0,2,0,938042,9/15/2023 0:00,
2,160,52,8185.54,0,2,0,938041,9/15/2023 0:00,
2,160,62,0,0,2,0,957422,9/15/2023 0:00,
2,160,99,6071.22,0,2,0,938039,9/15/2023 0:00,
2,161,1,1200,0,2,0476-59-71-87-,4126,7/25/2017 0:00,
2,161,8,200,0,2,zemy,4138,7/25/2017 0:00,
2,162,1,1800,0,2,zemy,4127,10/10/2017 0:00,
2,162,8,440,0,2,zemy,4139,10/10/2017 0:00,
2,162,22,198,0,2,0,265157,5/6/2019 0:00,
2,162,23,126,0,2,0,265158,5/6/2019 0:00,
2,163,1,11006.35,0,2,zemy,4128,8/5/2023 0:00,
2,163,3,0,0,2,0,957593,9/15/2023 0:00,
2,163,4,30,0,2,0,937837,9/15/2023 0:00,
2,163,5,11006.35,0,2,0,937838,9/15/2023 0:00,
2,163,8,2100,0,2,zemy,5512,1/5/2023 0:00,
2,163,11,0,0,2,0,957594,9/15/2023 0:00,
2,163,12,8,0,0,zemy,955679,9/11/2023 0:00,
2,163,13,802.55,0,2,0,956383,9/15/2023 0:00,
2,163,14,8.5,0,0,zemy,955680,9/11/2023 0:00,
2,163,15,974.52,0,2,0,956384,9/15/2023 0:00,
2,163,17,0,0,2,0,957595,9/15/2023 0:00,
2,163,21,2974.21,0,2,0,62828,9/15/2023 0:00,
2,163,22,1210.7,0,2,0,854926,9/15/2023 0:00,
2,163,23,770.44,0,2,0,854927,9/15/2023 0:00,
2,163,24,0,0,2,0,957596,9/15/2023 0:00,
2,163,25,0,0,2,0,957597,9/15/2023 0:00,
2,163,27,0,0,2,0,957598,9/15/2023 0:00,
2,163,33,500,0,2,0,868252,9/15/2023 0:00,
2,163,34,0,0,2,0,957599,9/15/2023 0:00,
2,163,35,0,0,2,0,957600,9/15/2023 0:00,
2,163,37,0,0,2,0,957601,9/15/2023 0:00,
2,163,39,0,0,2,0,957602,9/15/2023 0:00,
2,163,41,0,0,2,0,957603,9/15/2023 0:00,
2,163,44,0,0,2,0,957604,9/15/2023 0:00,
2,163,46,2000,0,2,zemy,815410,11/9/2022 0:00,
2,163,48,0,0,2,0,957605,9/15/2023 0:00,
2,163,50,1777.07,0,2,0,956397,9/15/2023 0:00,
2,163,51,12783.42,0,2,0,937857,9/15/2023 0:00,
2,163,52,14883.42,0,2,0,937856,9/15/2023 0:00,
2,163,62,0,0,2,0,957606,9/15/2023 0:00,
2,163,99,8638.77,0,2,0,937854,9/15/2023 0:00,
2,164,1,3000,0,2,zemy,4129,8/5/2021 0:00,
2,164,8,517.5,0,2,zemy,5513,8/5/2021 0:00,
2,164,22,330,0,2,0,900029,6/5/2023 0:00,
2,164,23,210,0,2,0,900030,6/5/2023 0:00,
2,165,1,7000,0,2,zemy,4130,8/5/2023 0:00,
2,165,3,0,0,2,0,957607,9/15/2023 0:00,
2,165,4,30,0,2,0,937659,9/15/2023 0:00,
2,165,5,7000,0,2,0,937660,9/15/2023 0:00,
2,165,8,800,0,2,zemy,21325,12/8/2020 0:00,
2,165,10,5,0,0,zemy,955633,9/11/2023 0:00,
2,165,11,273.44,0,2,0,956399,9/15/2023 0:00,
2,165,12,20,0,0,zemy,955634,9/11/2023 0:00,
2,165,13,1276.05,0,2,0,956400,9/15/2023 0:00,
2,165,14,18,0,0,zemy,955635,9/11/2023 0:00,
2,165,15,1312.5,0,2,0,956401,9/15/2023 0:00,
2,165,17,0,0,2,0,957608,9/15/2023 0:00,
2,165,21,2003.61,0,2,0,62880,9/15/2023 0:00,
2,165,22,770,0,2,0,690728,9/15/2023 0:00,
2,165,23,490,0,2,0,690729,9/15/2023 0:00,
2,165,24,0,0,2,0,957609,9/15/2023 0:00,
2,165,25,0,0,2,0,957610,9/15/2023 0:00,
2,165,27,0,0,2,0,957611,9/15/2023 0:00,
2,165,32,15.14,0,1,zemy,937646,9/4/2023 0:00,
2,165,33,1100,0,2,0,817758,9/15/2023 0:00,
2,165,34,0,0,2,0,957612,9/15/2023 0:00,
2,165,35,0,0,2,0,957613,9/15/2023 0:00,
2,165,37,0,0,2,0,957614,9/15/2023 0:00,
2,165,39,0,0,2,0,957615,9/15/2023 0:00,
2,165,41,0,0,2,0,957616,9/15/2023 0:00,
2,165,44,0,0,2,0,957617,9/15/2023 0:00,
2,165,48,0,0,2,0,957618,9/15/2023 0:00,
2,165,50,2861.99,0,2,0,956414,9/15/2023 0:00,
2,165,51,9861.99,0,2,0,937679,9/15/2023 0:00,
2,165,52,10661.99,0,2,0,937678,9/15/2023 0:00,
2,165,62,0,0,2,0,957619,9/15/2023 0:00,
2,165,99,7053.24,0,2,0,937676,9/15/2023 0:00,
2,166,1,2300,0,2,zemy,4131,4/8/2019 0:00,
2,166,8,500,0,2,zemy,5515,4/8/2019 0:00,
2,166,21,93.33,0,2,0,62906,12/8/2019 0:00,
2,166,22,253,0,2,0,380311,12/8/2019 0:00,
2,166,23,161,0,2,0,380312,12/8/2019 0:00,
2,167,1,1600,0,2,zemy,4132,8/10/2017 0:00,
2,167,8,400,0,2,zemy,6714,8/10/2017 0:00,
2,168,1,2500,0,2,zemy,4133,11/9/2017 0:00,
2,168,8,600,0,2,zemy,6715,11/9/2017 0:00,
2,168,21,201.25,0,2,0,62932,9/5/2019 0:00,
2,169,1,8500,0,2,zemy,4134,8/7/2023 0:00,
2,169,3,0,0,2,0,957620,9/15/2023 0:00,
2,169,4,30,0,2,0,937859,9/15/2023 0:00,
2,169,5,8500,0,2,0,937860,9/15/2023 0:00,
2,169,11,0,0,2,0,957621,9/15/2023 0:00,
2,169,13,0,0,2,0,957622,9/15/2023 0:00,
2,169,15,0,0,2,0,957623,9/15/2023 0:00,
2,169,17,0,0,2,0,957624,9/15/2023 0:00,
2,169,21,1595.01,0,2,0,62958,9/15/2023 0:00,
2,169,22,935,0,2,0,79526,9/15/2023 0:00,
2,169,23,595,0,2,0,79527,9/15/2023 0:00,
2,169,24,0,0,2,0,957625,9/15/2023 0:00,
2,169,25,0,0,2,0,957626,9/15/2023 0:00,
2,169,27,0,0,2,0,957627,9/15/2023 0:00,
2,169,33,500,0,2,0,931009,9/15/2023 0:00,
2,169,34,0,0,2,0,957628,9/15/2023 0:00,
2,169,35,0,0,2,0,957629,9/15/2023 0:00,
2,169,37,0,0,2,0,957630,9/15/2023 0:00,
2,169,39,0,0,2,0,957631,9/15/2023 0:00,
2,169,41,0,0,2,0,957632,9/15/2023 0:00,
2,169,44,0,0,2,0,957633,9/15/2023 0:00,
2,169,46,500,0,2,zemy,799828,9/6/2022 0:00,
2,169,48,0,0,2,0,957634,9/15/2023 0:00,
2,169,50,0,0,2,0,957636,9/15/2023 0:00,
2,169,51,8500,0,2,0,937879,9/15/2023 0:00,
2,169,52,8500,0,2,0,937878,9/15/2023 0:00,
2,169,62,0,0,2,0,957635,9/15/2023 0:00,
2,169,99,5309.99,0,2,0,937876,9/15/2023 0:00,
2,170,21,277.5,0,2,0,62984,9/3/2018 0:00,
2,171,1,7100,0,2,zemy,664615,8/7/2023 0:00,
2,171,3,0,0,2,0,957637,9/15/2023 0:00,
2,171,4,30,0,2,0,939272,9/15/2023 0:00,
2,171,5,7100,0,2,0,939273,9/15/2023 0:00,
2,171,8,1700,0,2,zemy,664616,8/7/2023 0:00,
2,171,11,0,0,2,0,957638,9/15/2023 0:00,
2,171,13,0,0,2,0,957639,9/15/2023 0:00,
2,171,15,0,0,2,0,957640,9/15/2023 0:00,
2,171,17,0,0,2,0,957641,9/15/2023 0:00,
2,171,18,1000,0,2,zemy,664618,8/7/2023 0:00,
2,171,21,1210.01,0,2,0,63010,9/15/2023 0:00,
2,171,22,781,0,2,0,400423,9/15/2023 0:00,
2,171,23,497,0,2,0,400424,9/15/2023 0:00,
2,171,24,0,0,2,0,957642,9/15/2023 0:00,
2,171,25,0,0,2,0,957643,9/15/2023 0:00,
2,171,27,0,0,2,0,957644,9/15/2023 0:00,
2,171,33,0,0,2,0,957645,9/15/2023 0:00,
2,171,34,0,0,2,0,957646,9/15/2023 0:00,
2,171,35,0,0,2,0,957647,9/15/2023 0:00,
2,171,37,0,0,2,0,957648,9/15/2023 0:00,
2,171,39,0,0,2,0,957649,9/15/2023 0:00,
2,171,41,0,0,2,0,957650,9/15/2023 0:00,
2,171,44,0,0,2,0,957651,9/15/2023 0:00,
2,171,48,0,0,2,0,957652,9/15/2023 0:00,
2,171,50,0,0,2,0,957654,9/15/2023 0:00,
2,171,51,7100,0,2,0,939293,9/15/2023 0:00,
2,171,52,9800,0,2,0,939292,9/15/2023 0:00,
2,171,62,0,0,2,0,957653,9/15/2023 0:00,
2,171,99,8092.99,0,2,0,939290,9/15/2023 0:00,
2,172,1,2500,0,2,zemy,4137,2/6/2020 0:00,
2,172,3,0,0,2,0,957655,9/15/2023 0:00,
2,172,4,30,0,2,0,937813,9/15/2023 0:00,
2,172,5,2500,0,2,0,937814,9/15/2023 0:00,
2,172,8,600,0,2,zemy,6718,2/6/2020 0:00,
2,172,11,0,0,2,0,957656,9/15/2023 0:00,
2,172,13,0,0,2,0,957657,9/15/2023 0:00,
2,172,15,0,0,2,0,957658,9/15/2023 0:00,
2,172,17,0,0,2,0,957659,9/15/2023 0:00,
2,172,21,232.5,0,2,0,63036,9/15/2023 0:00,
2,172,22,0,0,2,0,957660,9/15/2023 0:00,
2,172,23,0,0,2,0,957661,9/15/2023 0:00,
2,172,24,0,0,2,0,957662,9/15/2023 0:00,
2,172,25,0,0,2,0,957663,9/15/2023 0:00,
2,172,27,0,0,2,0,957664,9/15/2023 0:00,
2,172,33,167,0,2,0,910795,9/15/2023 0:00,
2,172,34,0,0,2,0,957665,9/15/2023 0:00,
2,172,35,0,0,2,0,957666,9/15/2023 0:00,
2,172,37,0,0,2,0,957667,9/15/2023 0:00,
2,172,39,0,0,2,0,957668,9/15/2023 0:00,
2,172,41,0,0,2,0,957669,9/15/2023 0:00,
2,172,44,0,0,2,0,957670,9/15/2023 0:00,
2,172,46,800,0,1,zemy,937386,8/22/2023 0:00,
2,172,48,0,0,2,0,957671,9/15/2023 0:00,
2,172,50,0,0,2,0,957673,9/15/2023 0:00,
2,172,51,2500,0,2,0,937835,9/15/2023 0:00,
2,172,52,3100,0,2,0,937834,9/15/2023 0:00,
2,172,62,0,0,2,0,957672,9/15/2023 0:00,
2,172,99,1900.5,0,2,0,937832,9/15/2023 0:00,
2,173,1,19500,0,2,0476-59-71-87-,27848,9/28/2017 0:00,
2,173,8,2200,0,2,zemy,27849,12/5/2017 0:00,
2,173,9,6000,0,2,zemy,27851,1/4/2019 0:00,OT Card
2,173,18,1950,0,2,zemy,27850,9/28/2017 0:00,
2,173,21,7425.02,0,2,0,62568,1/4/2019 0:00,
2,173,22,2145,0,2,0,79210,1/4/2019 0:00,
2,173,23,1365,0,2,0,79211,1/4/2019 0:00,
2,174,1,5200,0,2,zemy,34431,2/6/2020 0:00,
2,174,8,1100,0,2,zemy,34432,1/2/2018 0:00,
2,174,21,737.5,0,2,0,62594,3/11/2022 0:00,
2,174,22,572,0,2,0,400030,3/11/2022 0:00,
2,174,23,364,0,2,0,400031,3/11/2022 0:00,
2,178,1,1300,0,2,0476-59-71-87-,67160,11/7/2017 0:00,
2,178,8,300,0,2,zemy,67161,11/7/2017 0:00,
2,178,21,70,0,2,0,72441,10/8/2019 0:00,
2,179,1,2656,0,2,0476-59-71-87-,84626,12/5/2017 0:00,
2,179,8,600,0,2,zemy,84627,12/5/2017 0:00,
2,179,21,255.9,0,2,0,100625,7/5/2019 0:00,
2,180,1,12800,0,2,zemy,84628,8/7/2023 0:00,
2,180,3,0,0,2,0,957423,9/15/2023 0:00,
2,180,4,30,0,2,0,939012,9/15/2023 0:00,
2,180,5,12800,0,2,0,939013,9/15/2023 0:00,
2,180,8,2200,0,2,zemy,84629,8/5/2022 0:00,
2,180,9,3300,0,0,zemy,929365,9/15/2023 0:00,OT Card
2,180,11,0,0,2,0,957424,9/15/2023 0:00,
2,180,13,0,0,2,0,957425,9/15/2023 0:00,
2,180,15,0,0,2,0,957426,9/15/2023 0:00,
2,180,17,0,0,2,0,957427,9/15/2023 0:00,
2,180,18,2200,0,2,zemy,778307,8/7/2023 0:00,
2,180,21,4135.02,0,2,0,100648,9/15/2023 0:00,
2,180,22,1408,0,2,0,934052,9/15/2023 0:00,
2,180,23,896,0,2,0,934053,9/15/2023 0:00,
2,180,24,0,0,2,0,957428,9/15/2023 0:00,
2,180,25,0,0,2,0,957429,9/15/2023 0:00,
2,180,27,0,0,2,0,957430,9/15/2023 0:00,
2,180,33,0,0,2,0,957431,9/15/2023 0:00,
2,180,34,0,0,2,0,957432,9/15/2023 0:00,
2,180,35,0,0,2,0,957433,9/15/2023 0:00,
2,180,37,0,0,2,0,957434,9/15/2023 0:00,
2,180,39,0,0,2,0,957435,9/15/2023 0:00,
2,180,41,0,0,2,0,957436,9/15/2023 0:00,
2,180,44,0,0,2,0,957437,9/15/2023 0:00,
2,180,48,0,0,2,0,957438,9/15/2023 0:00,
2,180,50,0,0,2,0,957440,9/15/2023 0:00,
2,180,51,16100,0,2,0,939033,9/15/2023 0:00,
2,180,52,20500,0,2,0,939032,9/15/2023 0:00,
2,180,62,0,0,2,0,957439,9/15/2023 0:00,
2,180,99,15468.98,0,2,0,939030,9/15/2023 0:00,
2,181,1,2400,0,2,zemy,84676,8/5/2022 0:00,
2,181,8,600,0,2,zemy,99610,6/7/2021 0:00,
2,181,21,217.5,0,2,0,665756,5/6/2023 0:00,
2,181,33,167,0,2,0,817756,5/6/2023 0:00,
2,182,1,1600,0,2,0476-59-71-87-,99608,12/6/2017 0:00,
2,182,8,400,0,2,zemy,99611,12/6/2017 0:00,
2,182,21,100,0,2,0,100700,4/25/2018 0:00,
2,184,21,100,0,2,0,133725,8/3/2018 0:00,
2,185,1,2186,0,2,0476-59-71-87-,143226,3/6/2018 0:00,
2,185,8,500,0,2,zemy,143239,3/6/2018 0:00,
2,185,21,185.4,0,2,0,144687,8/3/2018 0:00,
2,187,1,4800,0,2,zemy,591307,8/5/2023 0:00,
2,187,3,0,0,2,0,957441,9/15/2023 0:00,
2,187,4,30,0,2,0,938112,9/15/2023 0:00,
2,187,5,4800,0,2,0,938113,9/15/2023 0:00,
2,187,8,600,0,2,zemy,591308,12/23/2020 0:00,
2,187,11,0,0,2,0,957442,9/15/2023 0:00,
2,187,12,7,0,0,zemy,955636,9/11/2023 0:00,
2,187,13,307.86,0,2,0,956217,9/15/2023 0:00,
2,187,14,18,0,0,zemy,955637,9/11/2023 0:00,
2,187,15,904.72,0,2,0,956218,9/15/2023 0:00,
2,187,17,0,0,2,0,957443,9/15/2023 0:00,
2,187,21,938.15,0,2,0,591316,9/15/2023 0:00,
2,187,22,0,0,2,0,957444,9/15/2023 0:00,
2,187,23,0,0,2,0,957445,9/15/2023 0:00,
2,187,24,0,0,2,0,957446,9/15/2023 0:00,
2,187,25,0,0,2,0,957447,9/15/2023 0:00,
2,187,27,0,0,2,0,957448,9/15/2023 0:00,
2,187,32,185.77,0,1,zemy,937653,9/4/2023 0:00,
2,187,33,300,0,2,0,938135,9/15/2023 0:00,
2,187,34,0,0,2,0,957449,9/15/2023 0:00,
2,187,35,0,0,2,0,957450,9/15/2023 0:00,
2,187,37,0,0,2,0,957451,9/15/2023 0:00,
2,187,39,0,0,2,0,957452,9/15/2023 0:00,
2,187,41,0,0,2,0,957453,9/15/2023 0:00,
2,187,44,0,0,2,0,957454,9/15/2023 0:00,
2,187,48,0,0,2,0,957455,9/15/2023 0:00,
2,187,50,1212.58,0,2,0,956233,9/15/2023 0:00,
2,187,51,6012.58,0,2,0,938134,9/15/2023 0:00,
2,187,52,6612.58,0,2,0,938133,9/15/2023 0:00,
2,187,62,0,0,2,0,957456,9/15/2023 0:00,
2,187,99,5188.66,0,2,0,938131,9/15/2023 0:00,
2,189,21,185.4,0,2,0,144791,4/3/2018 0:00,
2,190,1,2186,0,2,zemy,169475,6/4/2018 0:00,
2,190,8,208.33,0,2,zemy,169476,6/4/2018 0:00,
2,190,21,20.75,0,2,0,144817,6/6/2018 0:00,
2,191,21,187.55,0,2,0,144843,3/8/2019 0:00,
2,192,21,185.4,0,2,0,144869,3/8/2019 0:00,
2,193,1,2186,0,2,0476-59-71-87-,143234,3/6/2018 0:00,
2,193,8,208.33,0,2,zemy,143247,6/5/2018 0:00,
2,193,21,7.01,0,2,0,144895,6/6/2018 0:00,
2,195,1,2186,0,2,zemy,355775,6/12/2019 0:00,
2,195,8,500,0,2,zemy,355776,6/12/2019 0:00,
2,195,21,166.54,0,2,0,144947,1/2/2020 0:00,
2,197,1,5000,0,2,zemy,143238,8/5/2023 0:00,
2,197,3,0,0,2,0,957457,9/15/2023 0:00,
2,197,4,30,0,2,0,937881,9/15/2023 0:00,
2,197,5,5000,0,2,0,937882,9/15/2023 0:00,
2,197,8,600,0,2,zemy,143251,2/6/2020 0:00,
2,197,11,0,0,2,0,957458,9/15/2023 0:00,
2,197,13,0,0,2,0,957459,9/15/2023 0:00,
2,197,15,0,0,2,0,957460,9/15/2023 0:00,
2,197,17,0,0,2,0,957461,9/15/2023 0:00,
2,197,21,697.5,0,2,0,144999,9/15/2023 0:00,
2,197,22,0,0,2,0,957462,9/15/2023 0:00,
2,197,23,0,0,2,0,957463,9/15/2023 0:00,
2,197,24,0,0,2,0,957464,9/15/2023 0:00,
2,197,25,0,0,2,0,957465,9/15/2023 0:00,
2,197,27,0,0,2,0,957466,9/15/2023 0:00,
2,197,33,500,0,2,0,931014,9/15/2023 0:00,
2,197,34,0,0,2,0,957467,9/15/2023 0:00,
2,197,35,0,0,2,0,957468,9/15/2023 0:00,
2,197,37,0,0,2,0,957469,9/15/2023 0:00,
2,197,39,0,0,2,0,957470,9/15/2023 0:00,
2,197,41,0,0,2,0,957471,9/15/2023 0:00,
2,197,44,0,0,2,0,957472,9/15/2023 0:00,
2,197,46,300,0,2,zemy,855299,2/21/2023 0:00,
2,197,48,0,0,2,0,957473,9/15/2023 0:00,
2,197,50,0,0,2,0,957475,9/15/2023 0:00,
2,197,51,5000,0,2,0,937903,9/15/2023 0:00,
2,197,52,5600,0,2,0,937902,9/15/2023 0:00,
2,197,62,0,0,2,0,957474,9/15/2023 0:00,
2,197,99,4102.5,0,2,0,937900,9/15/2023 0:00,
2,199,1,1600,0,2,0476-59-71-87-,157931,4/3/2018 0:00,
2,199,8,600,0,2,zemy,157932,2/6/2020 0:00,
2,199,21,100,0,2,0,159360,3/11/2021 0:00,
2,200,1,1600,0,2,0476-59-71-87-,167681,5/7/2018 0:00,
2,200,8,600,0,2,zemy,167708,2/6/2020 0:00,
2,200,21,100,0,2,0,167689,11/24/2020 0:00,
2,201,21,187.54,0,2,0,177250,3/8/2019 0:00,
2,202,1,4300,0,2,zemy,183262,2/6/2020 0:00,
2,202,8,700,0,2,zemy,183263,10/8/2019 0:00,
2,202,21,557.5,0,2,0,183271,11/5/2020 0:00,
2,202,22,473,0,2,0,341015,11/5/2020 0:00,
2,202,23,301,0,2,0,341016,11/5/2020 0:00,
2,204,21,185.4,0,2,0,186595,8/3/2018 0:00,
2,205,1,1200,0,2,0476-59-71-87-,195011,8/3/2018 0:00,
2,205,8,200,0,2,zemy,195012,8/3/2018 0:00,
2,205,21,60,0,2,0,196319,10/8/2018 0:00,
2,206,1,1600,0,2,0476-59-71-87-,195013,8/3/2018 0:00,
2,206,8,400,0,2,zemy,195014,8/3/2018 0:00,
2,206,21,100,0,2,0,196345,6/1/2019 0:00,
2,208,1,13500,0,2,zemy,283296,8/7/2023 0:00,
2,208,3,0,0,2,0,957491,9/15/2023 0:00,
2,208,4,30,0,2,0,937998,9/15/2023 0:00,
2,208,5,13500,0,2,0,937999,9/15/2023 0:00,
2,208,8,2200,0,2,zemy,395533,8/7/2023 0:00,
2,208,9,3985.42,0,0,zemy,929364,9/15/2023 0:00,OT Card
2,208,11,0,0,2,0,957492,9/15/2023 0:00,
2,208,13,0,0,2,0,957493,9/15/2023 0:00,
2,208,15,0,0,2,0,957494,9/15/2023 0:00,
2,208,17,0,0,2,0,957495,9/15/2023 0:00,
2,208,18,2200,0,2,zemy,778315,8/7/2023 0:00,
2,208,21,4619.91,0,2,0,284550,9/15/2023 0:00,
2,208,22,1485,0,2,0,936716,9/15/2023 0:00,
2,208,23,945,0,2,0,936717,9/15/2023 0:00,
2,208,24,0,0,2,0,957496,9/15/2023 0:00,
2,208,25,0,0,2,0,957497,9/15/2023 0:00,
2,208,27,0,0,2,0,957498,9/15/2023 0:00,
2,208,33,1320,0,2,0,937996,9/15/2023 0:00,
2,208,34,0,0,2,0,957499,9/15/2023 0:00,
2,208,35,0,0,2,0,957500,9/15/2023 0:00,
2,208,37,0,0,2,0,957501,9/15/2023 0:00,
2,208,39,0,0,2,0,957502,9/15/2023 0:00,
2,208,41,0,0,2,0,957503,9/15/2023 0:00,
2,208,44,0,0,2,0,957504,9/15/2023 0:00,
2,208,48,0,0,2,0,957505,9/15/2023 0:00,
2,208,50,0,0,2,0,957507,9/15/2023 0:00,
2,208,51,17485.42,0,2,0,938018,9/15/2023 0:00,
2,208,52,21885.42,0,2,0,938017,9/15/2023 0:00,
2,208,62,0,0,2,0,957506,9/15/2023 0:00,
2,208,99,15000.51,0,2,0,938015,9/15/2023 0:00,
2,210,1,5112.5,0,2,zemy,878039,8/5/2023 0:00,
2,210,3,0,0,2,0,957476,9/15/2023 0:00,
2,210,4,30,0,2,0,938228,9/15/2023 0:00,
2,210,5,5112.5,0,2,0,938229,9/15/2023 0:00,
2,210,8,600,0,2,zemy,355771,2/7/2020 0:00,
2,210,10,11,0,0,zemy,955640,9/11/2023 0:00,
2,210,11,439.35,0,2,0,956254,9/15/2023 0:00,
2,210,12,14,0,0,zemy,955641,9/11/2023 0:00,
2,210,13,652.38,0,2,0,956255,9/15/2023 0:00,
2,210,14,28,0,0,zemy,955642,9/11/2023 0:00,
2,210,15,1491.14,0,2,0,956256,9/15/2023 0:00,
2,210,17,0,0,2,0,957477,9/15/2023 0:00,
2,210,21,1358.85,0,2,0,240910,9/15/2023 0:00,
2,210,22,0,0,2,0,957478,9/15/2023 0:00,
2,210,23,0,0,2,0,957479,9/15/2023 0:00,
2,210,24,0,0,2,0,957480,9/15/2023 0:00,
2,210,25,0,0,2,0,957481,9/15/2023 0:00,
2,210,27,0,0,2,0,957482,9/15/2023 0:00,
2,210,33,625,0,2,0,868258,9/15/2023 0:00,
2,210,34,0,0,2,0,957483,9/15/2023 0:00,
2,210,35,0,0,2,0,957484,9/15/2023 0:00,
2,210,37,0,0,2,0,957485,9/15/2023 0:00,
2,210,39,0,0,2,0,957486,9/15/2023 0:00,
2,210,41,0,0,2,0,957487,9/15/2023 0:00,
2,210,44,0,0,2,0,957488,9/15/2023 0:00,
2,210,48,0,0,2,0,957489,9/15/2023 0:00,
2,210,50,2582.87,0,2,0,956271,9/15/2023 0:00,
2,210,51,7695.37,0,2,0,938250,9/15/2023 0:00,
2,210,52,8295.37,0,2,0,938249,9/15/2023 0:00,
2,210,62,0,0,2,0,957490,9/15/2023 0:00,
2,210,99,6311.52,0,2,0,938247,9/15/2023 0:00,
2,211,1,1600,0,2,zemy,349821,8/7/2019 0:00,
2,211,8,400,0,2,zemy,390230,8/7/2019 0:00,
2,211,21,100,0,2,0,350895,11/11/2019 0:00,
2,212,1,4000,0,2,zemy,566281,12/8/2020 0:00,
2,212,8,1000,0,2,zemy,559297,12/8/2020 0:00,
2,212,21,497.5,0,2,0,559277,4/29/2021 0:00,
2,212,22,440,0,2,0,620201,4/29/2021 0:00,
2,212,23,280,0,2,0,620202,4/29/2021 0:00,
2,214,1,3200,0,2,0476-59-71-87-,369957,7/5/2019 0:00,
2,214,8,800,0,2,zemy,369958,7/5/2019 0:00,
2,214,21,337.5,0,2,0,371065,3/11/2021 0:00,
2,215,1,3200,0,2,zemy,384116,10/8/2019 0:00,
2,215,8,800,0,2,zemy,384117,10/8/2019 0:00,
2,215,21,337.5,0,2,0,385183,11/11/2019 0:00,
2,215,22,352,0,2,0,425538,11/11/2019 0:00,
2,215,23,224,0,2,0,425539,11/11/2019 0:00,
2,216,1,3400,0,2,zemy,416210,8/5/2023 0:00,
2,216,3,0,0,2,0,957508,9/15/2023 0:00,
2,216,4,30,0,2,0,939109,9/15/2023 0:00,
2,216,5,3400,0,2,0,939110,9/15/2023 0:00,
2,216,8,600,0,2,zemy,582371,8/5/2023 0:00,
2,216,11,0,0,2,0,957509,9/15/2023 0:00,
2,216,13,0,0,2,0,957510,9/15/2023 0:00,
2,216,15,0,0,2,0,957511,9/15/2023 0:00,
2,216,17,0,0,2,0,957512,9/15/2023 0:00,
2,216,21,377.5,0,2,0,417257,9/15/2023 0:00,
2,216,22,374,0,2,0,588753,9/15/2023 0:00,
2,216,23,238,0,2,0,588754,9/15/2023 0:00,
2,216,24,0,0,2,0,957513,9/15/2023 0:00,
2,216,25,0,0,2,0,957514,9/15/2023 0:00,
2,216,27,0,0,2,0,957515,9/15/2023 0:00,
2,216,33,500,0,2,0,907257,9/15/2023 0:00,
2,216,34,0,0,2,0,957516,9/15/2023 0:00,
2,216,35,0,0,2,0,957517,9/15/2023 0:00,
2,216,37,0,0,2,0,957518,9/15/2023 0:00,
2,216,39,0,0,2,0,957519,9/15/2023 0:00,
2,216,41,0,0,2,0,957520,9/15/2023 0:00,
2,216,44,0,0,2,0,957521,9/15/2023 0:00,
2,216,48,0,0,2,0,957522,9/15/2023 0:00,
2,216,50,0,0,2,0,957524,9/15/2023 0:00,
2,216,51,3400,0,2,0,939129,9/15/2023 0:00,
2,216,52,4000,0,2,0,939128,9/15/2023 0:00,
2,216,62,0,0,2,0,957523,9/15/2023 0:00,
2,216,99,2884.5,0,2,0,939126,9/15/2023 0:00,
2,217,1,4600,0,2,zemy,430781,8/5/2022 0:00,
2,217,8,600,0,2,zemy,468133,12/8/2020 0:00,
2,217,21,330.96,0,2,0,430789,10/10/2022 0:00,
2,217,22,506,0,2,0,595046,10/10/2022 0:00,
2,217,23,322,0,2,0,595047,10/10/2022 0:00,
2,218,1,3700,0,2,zemy,435637,8/5/2023 0:00,
2,218,3,0,0,2,0,957525,9/15/2023 0:00,
2,218,4,30,0,2,0,938066,9/15/2023 0:00,
2,218,5,3700,0,2,0,938067,9/15/2023 0:00,
2,218,8,600,0,2,zemy,481965,6/5/2021 0:00,
2,218,11,0,0,2,0,957526,9/15/2023 0:00,
2,218,13,0,0,2,0,957527,9/15/2023 0:00,
2,218,15,0,0,2,0,957528,9/15/2023 0:00,
2,218,17,0,0,2,0,957529,9/15/2023 0:00,
2,218,21,437.5,0,2,0,436974,9/15/2023 0:00,
2,218,22,0,0,2,0,957530,9/15/2023 0:00,
2,218,23,0,0,2,0,957531,9/15/2023 0:00,
2,218,24,0,0,2,0,957532,9/15/2023 0:00,
2,218,25,0,0,2,0,957533,9/15/2023 0:00,
2,218,27,0,0,2,0,957534,9/15/2023 0:00,
2,218,33,350,0,2,0,793928,9/15/2023 0:00,
2,218,34,0,0,2,0,957535,9/15/2023 0:00,
2,218,35,0,0,2,0,957536,9/15/2023 0:00,
2,218,37,0,0,2,0,957537,9/15/2023 0:00,
2,218,39,0,0,2,0,957538,9/15/2023 0:00,
2,218,41,0,0,2,0,957539,9/15/2023 0:00,
2,218,44,0,0,2,0,957540,9/15/2023 0:00,
2,218,48,0,0,2,0,957541,9/15/2023 0:00,
2,218,50,0,0,2,0,957543,9/15/2023 0:00,
2,218,51,3700,0,2,0,938088,9/15/2023 0:00,
2,218,52,4300,0,2,0,938087,9/15/2023 0:00,
2,218,62,0,0,2,0,957542,9/15/2023 0:00,
2,218,99,3512.5,0,2,0,938085,9/15/2023 0:00,
2,219,1,2000,0,2,0476-59-71-87-,435638,12/4/2019 0:00,
2,220,1,6000,0,2,0476-59-71-87-,598896,12/29/2020 0:00,
2,220,21,152.11,0,2,0,600101,7/10/2021 0:00,
2,221,1,1600,0,2,0476-59-71-87-,481966,3/6/2020 0:00,
2,221,8,400,0,2,zemy,485423,3/6/2020 0:00,
2,221,21,100,0,2,0,483002,5/3/2020 0:00,
2,222,1,1600,0,2,zemy,506640,5/4/2020 0:00,
2,222,8,400,0,2,zemy,506641,5/4/2020 0:00,
2,222,21,100,0,2,0,506649,7/6/2020 0:00,
2,223,1,1600,0,2,0476-59-71-87-,526311,7/6/2020 0:00,
2,223,8,400,0,2,zemy,526312,7/6/2020 0:00,
2,223,21,100,0,2,0,527632,3/6/2021 0:00,
2,224,1,2692.31,0,0,zemy,550347,9/15/2023 0:00,
2,224,3,0,0,2,0,957544,9/15/2023 0:00,
2,224,4,30,0,2,0,939150,9/15/2023 0:00,
2,224,5,7000,0,2,0,939151,9/15/2023 0:00,
2,224,8,600,0,2,zemy,583477,12/13/2021 0:00,
2,224,11,0,0,2,0,957545,9/15/2023 0:00,
2,224,12,2.5,0,0,zemy,955683,9/11/2023 0:00,
2,224,13,159.51,0,2,0,956327,9/15/2023 0:00,
2,224,14,10,0,0,zemy,955684,9/11/2023 0:00,
2,224,15,729.16,0,2,0,956328,9/15/2023 0:00,
2,224,17,0,0,2,0,957546,9/15/2023 0:00,
2,224,21,1411.61,0,2,0,550355,9/15/2023 0:00,
2,224,22,770,0,2,0,820099,9/15/2023 0:00,
2,224,23,490,0,2,0,820100,9/15/2023 0:00,
2,224,24,0,0,2,0,957547,9/15/2023 0:00,
2,224,25,0,0,2,0,957548,9/15/2023 0:00,
2,224,27,0,0,2,0,957549,9/15/2023 0:00,
2,224,33,0,0,2,0,957550,9/15/2023 0:00,
2,224,34,0,0,2,0,957551,9/15/2023 0:00,
2,224,35,0,0,2,0,957552,9/15/2023 0:00,
2,224,37,0,0,2,0,957553,9/15/2023 0:00,
2,224,39,0,0,2,0,957554,9/15/2023 0:00,
2,224,41,0,0,2,0,957555,9/15/2023 0:00,
2,224,44,0,0,2,0,957556,9/15/2023 0:00,
2,224,46,1500,0,2,zemy,815412,7/22/2023 0:00,
2,224,48,0,0,2,0,957557,9/15/2023 0:00,
2,224,50,888.67,0,2,0,956342,9/15/2023 0:00,
2,224,51,7888.67,0,2,0,939171,9/15/2023 0:00,
2,224,52,8488.67,0,2,0,939170,9/15/2023 0:00,
2,224,62,0,0,2,0,957558,9/15/2023 0:00,
2,224,99,5087.06,0,2,0,939168,9/15/2023 0:00,
2,225,1,8400,0,2,zemy,568465,8/5/2023 0:00,
2,225,3,0,0,2,0,957559,9/15/2023 0:00,
2,225,4,30,0,2,0,939173,9/15/2023 0:00,
2,225,5,8400,0,2,0,939174,9/15/2023 0:00,
2,225,8,1000,0,2,zemy,778312,6/7/2023 0:00,
2,225,11,0,0,2,0,957560,9/15/2023 0:00,
2,225,13,0,0,2,0,957561,9/15/2023 0:00,
2,225,15,0,0,2,0,957562,9/15/2023 0:00,
2,225,17,0,0,2,0,957563,9/15/2023 0:00,
2,225,21,1565.01,0,2,0,569459,9/15/2023 0:00,
2,225,22,0,0,2,0,957564,9/15/2023 0:00,
2,225,23,0,0,2,0,957565,9/15/2023 0:00,
2,225,24,0,0,2,0,957566,9/15/2023 0:00,
2,225,25,0,0,2,0,957567,9/15/2023 0:00,
2,225,27,0,0,2,0,957568,9/15/2023 0:00,
2,225,32,16.83,0,1,zemy,937647,9/4/2023 0:00,
2,225,33,0,0,2,0,957569,9/15/2023 0:00,
2,225,34,0,0,2,0,957570,9/15/2023 0:00,
2,225,35,0,0,2,0,957571,9/15/2023 0:00,
2,225,37,0,0,2,0,957572,9/15/2023 0:00,
2,225,39,0,0,2,0,957573,9/15/2023 0:00,
2,225,41,0,0,2,0,957574,9/15/2023 0:00,
2,225,44,0,0,2,0,957575,9/15/2023 0:00,
2,225,48,0,0,2,0,957576,9/15/2023 0:00,
2,225,50,0,0,2,0,957578,9/15/2023 0:00,
2,225,51,8400,0,2,0,939196,9/15/2023 0:00,
2,225,52,9400,0,2,0,939195,9/15/2023 0:00,
2,225,62,0,0,2,0,957577,9/15/2023 0:00,
2,225,99,7818.16,0,2,0,939193,9/15/2023 0:00,
2,226,1,4774,0,2,zemy,575608,8/5/2023 0:00,
2,226,3,0,0,2,0,957579,9/15/2023 0:00,
2,226,4,30,0,2,0,939198,9/15/2023 0:00,
2,226,5,4774,0,2,0,939199,9/15/2023 0:00,
2,226,8,500,0,2,zemy,856949,3/7/2023 0:00,
2,226,10,5,0,0,zemy,955671,9/11/2023 0:00,
2,226,11,186.48,0,2,0,956364,9/15/2023 0:00,
2,226,12,20,0,0,zemy,955672,9/11/2023 0:00,
2,226,13,870.26,0,2,0,956365,9/15/2023 0:00,
2,226,14,26.5,0,0,zemy,955673,9/11/2023 0:00,
2,226,15,1317.82,0,2,0,956366,9/15/2023 0:00,
2,226,17,0,0,2,0,957580,9/15/2023 0:00,
2,226,21,1222.15,0,2,0,576646,9/15/2023 0:00,
2,226,22,525.14,0,2,0,856931,9/15/2023 0:00,
2,226,23,334.18,0,2,0,856932,9/15/2023 0:00,
2,226,24,0,0,2,0,957581,9/15/2023 0:00,
2,226,25,0,0,2,0,957582,9/15/2023 0:00,
2,226,27,0,0,2,0,957583,9/15/2023 0:00,
2,226,33,0,0,2,0,957584,9/15/2023 0:00,
2,226,34,0,0,2,0,957585,9/15/2023 0:00,
2,226,35,0,0,2,0,957586,9/15/2023 0:00,
2,226,37,0,0,2,0,957587,9/15/2023 0:00,
2,226,39,0,0,2,0,957588,9/15/2023 0:00,
2,226,41,0,0,2,0,957589,9/15/2023 0:00,
2,226,44,0,0,2,0,957590,9/15/2023 0:00,
2,226,48,0,0,2,0,957591,9/15/2023 0:00,
2,226,50,2374.56,0,2,0,956380,9/15/2023 0:00,
2,226,51,7148.56,0,2,0,939219,9/15/2023 0:00,
2,226,52,7648.56,0,2,0,939218,9/15/2023 0:00,
2,226,62,0,0,2,0,957592,9/15/2023 0:00,
2,226,99,6092.23,0,2,0,939216,9/15/2023 0:00,
2,227,1,1600,0,2,0476-59-71-87-,579025,12/7/2020 0:00,
2,227,8,400,0,2,zemy,579026,12/7/2020 0:00,
2,227,21,100,0,2,0,579034,3/11/2021 0:00,
2,228,1,6630,0,2,zemy,591334,8/5/2023 0:00,
2,228,3,0,0,2,0,957674,9/15/2023 0:00,
2,228,4,30,0,2,0,938137,9/15/2023 0:00,
2,228,5,6630,0,2,0,938138,9/15/2023 0:00,
2,228,8,800,0,2,zemy,591335,8/5/2022 0:00,
2,228,11,0,0,2,0,957675,9/15/2023 0:00,
2,228,13,0,0,2,0,957676,9/15/2023 0:00,
2,228,15,0,0,2,0,957677,9/15/2023 0:00,
2,228,17,0,0,2,0,957678,9/15/2023 0:00,
2,228,21,1092.51,0,2,0,592866,9/15/2023 0:00,
2,228,22,0,0,2,0,957679,9/15/2023 0:00,
2,228,23,0,0,2,0,957680,9/15/2023 0:00,
2,228,24,0,0,2,0,957681,9/15/2023 0:00,
2,228,25,0,0,2,0,957682,9/15/2023 0:00,
2,228,27,0,0,2,0,957683,9/15/2023 0:00,
2,228,33,500,0,2,0,931013,9/15/2023 0:00,
2,228,34,0,0,2,0,957684,9/15/2023 0:00,
2,228,35,0,0,2,0,957685,9/15/2023 0:00,
2,228,37,0,0,2,0,957686,9/15/2023 0:00,
2,228,39,0,0,2,0,957687,9/15/2023 0:00,
2,228,41,0,0,2,0,957688,9/15/2023 0:00,
2,228,44,0,0,2,0,957689,9/15/2023 0:00,
2,228,48,0,0,2,0,957690,9/15/2023 0:00,
2,228,50,0,0,2,0,957692,9/15/2023 0:00,
2,228,51,6630,0,2,0,938159,9/15/2023 0:00,
2,228,52,7430,0,2,0,938158,9/15/2023 0:00,
2,228,62,0,0,2,0,957691,9/15/2023 0:00,
2,228,99,5837.49,0,2,0,938156,9/15/2023 0:00,
2,229,1,5400,0,2,zemy,620536,8/5/2023 0:00,
2,229,3,0,0,2,0,957693,9/15/2023 0:00,
2,229,4,30,0,2,0,939333,9/15/2023 0:00,
2,229,5,5400,0,2,0,939334,9/15/2023 0:00,
2,229,8,600,0,2,zemy,710443,8/5/2023 0:00,
2,229,11,0,0,2,0,957694,9/15/2023 0:00,
2,229,12,2.5,0,0,zemy,955677,9/11/2023 0:00,
2,229,13,123.04,0,2,0,956490,9/15/2023 0:00,
2,229,14,10,0,0,zemy,955678,9/11/2023 0:00,
2,229,15,562.5,0,2,0,956491,9/15/2023 0:00,
2,229,17,0,0,2,0,957695,9/15/2023 0:00,
2,229,21,956.39,0,2,0,620544,9/15/2023 0:00,
2,229,22,0,0,2,0,957696,9/15/2023 0:00,
2,229,23,0,0,2,0,957697,9/15/2023 0:00,
2,229,24,0,0,2,0,957698,9/15/2023 0:00,
2,229,25,0,0,2,0,957699,9/15/2023 0:00,
2,229,27,0,0,2,0,957700,9/15/2023 0:00,
2,229,32,32.45,0,1,zemy,937648,9/4/2023 0:00,
2,229,33,0,0,2,0,957701,9/15/2023 0:00,
2,229,34,0,0,2,0,957702,9/15/2023 0:00,
2,229,35,0,0,2,0,957703,9/15/2023 0:00,
2,229,37,0,0,2,0,957704,9/15/2023 0:00,
2,229,39,0,0,2,0,957705,9/15/2023 0:00,
2,229,41,0,0,2,0,957706,9/15/2023 0:00,
2,229,44,0,0,2,0,957707,9/15/2023 0:00,
2,229,46,1500,0,1,zemy,815411,8/21/2023 0:00,
2,229,48,0,0,2,0,957708,9/15/2023 0:00,
2,229,50,685.54,0,2,0,956507,9/15/2023 0:00,
2,229,51,6085.54,0,2,0,939356,9/15/2023 0:00,
2,229,52,6685.54,0,2,0,939355,9/15/2023 0:00,
2,229,62,0,0,2,0,957709,9/15/2023 0:00,
2,229,99,4196.7,0,2,0,939353,9/15/2023 0:00,
2,230,1,1600,0,2,zemy,629985,6/5/2021 0:00,
2,230,8,400,0,2,zemy,643384,6/5/2021 0:00,
2,231,1,1600,0,2,zemy,629986,3/11/2021 0:00,
2,231,8,400,0,2,zemy,643383,3/11/2021 0:00,
2,231,22,176,0,2,0,689172,9/14/2021 0:00,
2,231,23,112,0,2,0,689173,9/14/2021 0:00,
2,232,1,2400,0,2,0476-59-71-87-,638639,3/11/2021 0:00,
2,232,8,600,0,2,zemy,638640,3/11/2021 0:00,
2,232,21,217.5,0,2,0,639809,4/8/2022 0:00,
2,233,1,1800,0,2,zemy,645787,6/5/2021 0:00,
2,233,8,600,0,2,zemy,645788,6/5/2021 0:00,
2,233,21,127.5,0,2,0,645796,2/8/2022 0:00,
2,233,22,198,0,2,0,730337,2/8/2022 0:00,
2,233,23,126,0,2,0,730338,2/8/2022 0:00,
2,234,1,7813.33,0,2,zemy,654786,8/5/2023 0:00,
2,234,3,0,0,2,0,957710,9/15/2023 0:00,
2,234,4,30,0,2,0,937929,9/15/2023 0:00,
2,234,5,7813.33,0,2,0,937930,9/15/2023 0:00,
2,234,8,600,0,2,zemy,805302,8/5/2023 0:00,
2,234,11,0,0,2,0,957711,9/15/2023 0:00,
2,234,13,0,0,2,0,957712,9/15/2023 0:00,
2,234,15,0,0,2,0,957713,9/15/2023 0:00,
2,234,17,0,0,2,0,957714,9/15/2023 0:00,
2,234,21,1389.01,0,2,0,655986,9/15/2023 0:00,
2,234,22,0,0,2,0,957715,9/15/2023 0:00,
2,234,23,0,0,2,0,957716,9/15/2023 0:00,
2,234,24,0,0,2,0,957717,9/15/2023 0:00,
2,234,25,0,0,2,0,957718,9/15/2023 0:00,
2,234,27,0,0,2,0,957719,9/15/2023 0:00,
2,234,33,1000,0,2,0,937927,9/15/2023 0:00,
2,234,34,0,0,2,0,957720,9/15/2023 0:00,
2,234,35,0,0,2,0,957721,9/15/2023 0:00,
2,234,37,0,0,2,0,957722,9/15/2023 0:00,
2,234,39,0,0,2,0,957723,9/15/2023 0:00,
2,234,41,0,0,2,0,957724,9/15/2023 0:00,
2,234,44,0,0,2,0,957725,9/15/2023 0:00,
2,234,48,0,0,2,0,957726,9/15/2023 0:00,
2,234,50,0,0,2,0,957728,9/15/2023 0:00,
2,234,51,7813.33,0,2,0,937951,9/15/2023 0:00,
2,234,52,8413.33,0,2,0,937950,9/15/2023 0:00,
2,234,62,0,0,2,0,957727,9/15/2023 0:00,
2,234,99,6024.32,0,2,0,937948,9/15/2023 0:00,
2,235,1,6000,0,2,0476-59-71-87-,669224,6/9/2021 0:00,
2,235,8,855.01,0,2,zemy,675528,12/8/2022 0:00,
2,235,21,935.01,0,2,0,669232,6/6/2023 0:00,
2,235,22,660,0,2,0,675493,6/6/2023 0:00,
2,235,23,420,0,2,0,675494,6/6/2023 0:00,
2,236,1,5400,0,2,zemy,673209,8/5/2023 0:00,
2,236,3,0,0,2,0,957729,9/15/2023 0:00,
2,236,4,30,0,2,0,939377,9/15/2023 0:00,
2,236,5,5400,0,2,0,939378,9/15/2023 0:00,
2,236,8,600,0,2,zemy,795436,8/5/2023 0:00,
2,236,11,0,0,2,0,957730,9/15/2023 0:00,
2,236,13,0,0,2,0,957731,9/15/2023 0:00,
2,236,15,0,0,2,0,957732,9/15/2023 0:00,
2,236,17,0,0,2,0,957733,9/15/2023 0:00,
2,236,21,785.01,0,2,0,673217,9/15/2023 0:00,
2,236,22,0,0,2,0,957734,9/15/2023 0:00,
2,236,23,0,0,2,0,957735,9/15/2023 0:00,
2,236,24,0,0,2,0,957736,9/15/2023 0:00,
2,236,25,0,0,2,0,957737,9/15/2023 0:00,
2,236,27,0,0,2,0,957738,9/15/2023 0:00,
2,236,32,19.47,0,1,zemy,937652,9/4/2023 0:00,
2,236,33,0,0,2,0,957739,9/15/2023 0:00,
2,236,34,0,0,2,0,957740,9/15/2023 0:00,
2,236,35,0,0,2,0,957741,9/15/2023 0:00,
2,236,37,0,0,2,0,957742,9/15/2023 0:00,
2,236,39,0,0,2,0,957743,9/15/2023 0:00,
2,236,41,0,0,2,0,957744,9/15/2023 0:00,
2,236,44,0,0,2,0,957745,9/15/2023 0:00,
2,236,46,1000,0,2,zemy,929090,7/22/2023 0:00,
2,236,48,0,0,2,0,957746,9/15/2023 0:00,
2,236,50,0,0,2,0,957748,9/15/2023 0:00,
2,236,51,5400,0,2,0,939400,9/15/2023 0:00,
2,236,52,6000,0,2,0,939399,9/15/2023 0:00,
2,236,62,0,0,2,0,957747,9/15/2023 0:00,
2,236,99,4195.52,0,2,0,939397,9/15/2023 0:00,
2,237,1,2400,0,2,zemy,705753,2/9/2022 0:00,
2,237,21,217.5,0,2,0,706909,7/5/2022 0:00,
2,238,1,2600,0,2,zemy,713178,8/5/2022 0:00,
2,238,8,600,0,2,zemy,778309,8/5/2022 0:00,
2,238,21,247.5,0,2,0,713186,7/6/2023 0:00,
2,239,1,2200,0,2,zemy,730454,8/5/2022 0:00,
2,239,8,260,0,2,zemy,730455,4/8/2023 0:00,
2,239,33,300,0,2,0,817753,5/6/2023 0:00,
2,240,1,5500,0,2,zemy,742698,8/5/2023 0:00,
2,240,3,0,0,2,0,957749,9/15/2023 0:00,
2,240,4,30,0,2,0,939402,9/15/2023 0:00,
2,240,5,5500,0,2,0,939403,9/15/2023 0:00,
2,240,8,1000,0,2,zemy,778311,12/12/2022 0:00,
2,240,11,0,0,2,0,957750,9/15/2023 0:00,
2,240,12,8.5,0,0,zemy,955638,9/11/2023 0:00,
2,240,13,426.11,0,2,0,956549,9/15/2023 0:00,
2,240,14,4,0,0,zemy,955639,9/11/2023 0:00,
2,240,15,229.16,0,2,0,956550,9/15/2023 0:00,
2,240,17,0,0,2,0,957751,9/15/2023 0:00,
2,240,21,973.83,0,2,0,742706,9/15/2023 0:00,
2,240,22,0,0,2,0,957752,9/15/2023 0:00,
2,240,23,0,0,2,0,957753,9/15/2023 0:00,
2,240,24,0,0,2,0,957754,9/15/2023 0:00,
2,240,25,0,0,2,0,957755,9/15/2023 0:00,
2,240,27,0,0,2,0,957756,9/15/2023 0:00,
2,240,32,4.41,0,1,zemy,937649,9/4/2023 0:00,
2,240,33,0,0,2,0,957757,9/15/2023 0:00,
2,240,34,0,0,2,0,957758,9/15/2023 0:00,
2,240,35,0,0,2,0,957759,9/15/2023 0:00,
2,240,37,0,0,2,0,957760,9/15/2023 0:00,
2,240,39,0,0,2,0,957761,9/15/2023 0:00,
2,240,41,0,0,2,0,957762,9/15/2023 0:00,
2,240,44,0,0,2,0,957763,9/15/2023 0:00,
2,240,48,0,0,2,0,957764,9/15/2023 0:00,
2,240,50,655.27,0,2,0,956566,9/15/2023 0:00,
2,240,51,6155.27,0,2,0,939425,9/15/2023 0:00,
2,240,52,7155.27,0,2,0,939424,9/15/2023 0:00,
2,240,62,0,0,2,0,957765,9/15/2023 0:00,
2,240,99,6177.03,0,2,0,939422,9/15/2023 0:00,
2,241,1,5913.34,0,2,zemy,767820,7/5/2022 0:00,
2,241,21,913.34,0,2,0,767828,8/5/2022 0:00,
2,242,1,5797.5,0,2,zemy,778316,8/5/2023 0:00,
2,242,3,0,0,2,0,957766,9/15/2023 0:00,
2,242,4,30,0,2,0,938252,9/15/2023 0:00,
2,242,5,5797.5,0,2,0,938253,9/15/2023 0:00,
2,242,8,1400,0,2,zemy,864218,8/5/2023 0:00,
2,242,11,0,0,2,0,957767,9/15/2023 0:00,
2,242,13,0,0,2,0,957768,9/15/2023 0:00,
2,242,15,0,0,2,0,957769,9/15/2023 0:00,
2,242,17,0,0,2,0,957770,9/15/2023 0:00,
2,242,21,884.38,0,2,0,779405,9/15/2023 0:00,
2,242,22,0,0,2,0,957771,9/15/2023 0:00,
2,242,23,0,0,2,0,957772,9/15/2023 0:00,
2,242,24,0,0,2,0,957773,9/15/2023 0:00,
2,242,25,0,0,2,0,957774,9/15/2023 0:00,
2,242,27,0,0,2,0,957775,9/15/2023 0:00,
2,242,33,1000,0,2,0,905832,9/15/2023 0:00,
2,242,34,0,0,2,0,957776,9/15/2023 0:00,
2,242,35,0,0,2,0,957777,9/15/2023 0:00,
2,242,37,0,0,2,0,957778,9/15/2023 0:00,
2,242,39,0,0,2,0,957779,9/15/2023 0:00,
2,242,41,0,0,2,0,957780,9/15/2023 0:00,
2,242,44,0,0,2,0,957781,9/15/2023 0:00,
2,242,48,0,0,2,0,957782,9/15/2023 0:00,
2,242,50,0,0,2,0,957784,9/15/2023 0:00,
2,242,51,5797.5,0,2,0,938274,9/15/2023 0:00,
2,242,52,7197.5,0,2,0,938273,9/15/2023 0:00,
2,242,62,0,0,2,0,957783,9/15/2023 0:00,
2,242,99,5313.12,0,2,0,938271,9/15/2023 0:00,
2,243,1,2000,0,2,zemy,781649,8/5/2022 0:00,
2,243,8,400,0,2,zemy,781651,8/5/2022 0:00,
2,243,21,157.5,0,2,0,781661,1/23/2023 0:00,
2,244,1,3000,0,2,0476-59-71-87-,793890,9/5/2022 0:00,
2,244,21,293.48,0,2,0,795371,10/10/2022 0:00,
2,245,1,3000,0,2,0476-59-71-87-,793891,9/5/2022 0:00,
2,245,21,307.5,0,2,0,795397,12/12/2022 0:00,
2,246,1,4897.5,0,2,zemy,793892,8/5/2023 0:00,
2,246,3,0,0,2,0,957785,9/15/2023 0:00,
2,246,4,30,0,2,0,938394,9/15/2023 0:00,
2,246,5,4897.5,0,2,0,938395,9/15/2023 0:00,
2,246,8,600,0,2,zemy,856893,8/5/2023 0:00,
2,246,11,0,0,2,0,957786,9/15/2023 0:00,
2,246,13,0,0,2,0,957787,9/15/2023 0:00,
2,246,15,0,0,2,0,957788,9/15/2023 0:00,
2,246,17,0,0,2,0,957789,9/15/2023 0:00,
2,246,21,677,0,2,0,793900,9/15/2023 0:00,
2,246,22,0,0,2,0,957790,9/15/2023 0:00,
2,246,23,0,0,2,0,957791,9/15/2023 0:00,
2,246,24,0,0,2,0,957792,9/15/2023 0:00,
2,246,25,0,0,2,0,957793,9/15/2023 0:00,
2,246,27,0,0,2,0,957794,9/15/2023 0:00,
2,246,33,500,0,2,0,938392,9/15/2023 0:00,
2,246,34,0,0,2,0,957795,9/15/2023 0:00,
2,246,35,0,0,2,0,957796,9/15/2023 0:00,
2,246,37,0,0,2,0,957797,9/15/2023 0:00,
2,246,39,0,0,2,0,957798,9/15/2023 0:00,
2,246,41,0,0,2,0,957799,9/15/2023 0:00,
2,246,44,0,0,2,0,957800,9/15/2023 0:00,
2,246,46,1000,0,1,zemy,929089,8/21/2023 0:00,
2,246,48,0,0,2,0,957801,9/15/2023 0:00,
2,246,50,0,0,2,0,957803,9/15/2023 0:00,
2,246,51,4897.5,0,2,0,938416,9/15/2023 0:00,
2,246,52,5497.5,0,2,0,938415,9/15/2023 0:00,
2,246,62,0,0,2,0,957802,9/15/2023 0:00,
2,246,99,3320.5,0,2,0,938413,9/15/2023 0:00,
2,247,1,12153.87,0,2,zemy,933491,8/10/2023 0:00,
2,247,3,0,0,2,0,957804,9/15/2023 0:00,
2,247,4,30,0,2,0,939465,9/15/2023 0:00,
2,247,5,12153.87,0,2,0,939466,9/15/2023 0:00,
2,247,8,600,0,2,zemy,933489,8/10/2023 0:00,
2,247,11,0,0,2,0,957805,9/15/2023 0:00,
2,247,13,0,0,2,0,957806,9/15/2023 0:00,
2,247,15,0,0,2,0,957807,9/15/2023 0:00,
2,247,17,0,0,2,0,957808,9/15/2023 0:00,
2,247,18,2200,0,2,zemy,929174,8/5/2023 0:00,
2,247,21,2753.87,0,2,0,796520,9/15/2023 0:00,
2,247,22,0,0,2,0,957809,9/15/2023 0:00,
2,247,23,0,0,2,0,957810,9/15/2023 0:00,
2,247,24,0,0,2,0,957811,9/15/2023 0:00,
2,247,25,0,0,2,0,957812,9/15/2023 0:00,
2,247,27,0,0,2,0,957813,9/15/2023 0:00,
2,247,33,0,0,2,0,957814,9/15/2023 0:00,
2,247,34,0,0,2,0,957815,9/15/2023 0:00,
2,247,35,0,0,2,0,957816,9/15/2023 0:00,
2,247,37,0,0,2,0,957817,9/15/2023 0:00,
2,247,39,0,0,2,0,957818,9/15/2023 0:00,
2,247,41,0,0,2,0,957819,9/15/2023 0:00,
2,247,44,0,0,2,0,957820,9/15/2023 0:00,
2,247,48,0,0,2,0,957821,9/15/2023 0:00,
2,247,50,0,0,2,0,957823,9/15/2023 0:00,
2,247,51,12153.87,0,2,0,939488,9/15/2023 0:00,
2,247,52,14953.87,0,2,0,939487,9/15/2023 0:00,
2,247,62,0,0,2,0,957822,9/15/2023 0:00,
2,247,99,12200,0,2,0,939485,9/15/2023 0:00,
2,248,1,2185.29,0,2,0476-59-71-87-,806922,10/10/2022 0:00,
2,248,21,185.29,0,2,0,808024,1/23/2023 0:00,
2,249,1,3456,0,2,zemy,806923,8/5/2023 0:00,
2,249,3,0,0,2,0,957824,9/15/2023 0:00,
2,249,4,30,0,2,0,939490,9/15/2023 0:00,
2,249,5,3456,0,2,0,939491,9/15/2023 0:00,
2,249,8,600,0,2,zemy,842571,1/23/2023 0:00,
2,249,11,0,0,2,0,957825,9/15/2023 0:00,
2,249,13,0,0,2,0,957826,9/15/2023 0:00,
2,249,15,0,0,2,0,957827,9/15/2023 0:00,
2,249,17,0,0,2,0,957828,9/15/2023 0:00,
2,249,21,388.7,0,2,0,808050,9/15/2023 0:00,
2,249,22,0,0,2,0,957829,9/15/2023 0:00,
2,249,23,0,0,2,0,957830,9/15/2023 0:00,
2,249,24,0,0,2,0,957831,9/15/2023 0:00,
2,249,25,0,0,2,0,957832,9/15/2023 0:00,
2,249,27,0,0,2,0,957833,9/15/2023 0:00,
2,249,33,0,0,2,0,957834,9/15/2023 0:00,
2,249,34,0,0,2,0,957835,9/15/2023 0:00,
2,249,35,0,0,2,0,957836,9/15/2023 0:00,
2,249,37,0,0,2,0,957837,9/15/2023 0:00,
2,249,39,0,0,2,0,957838,9/15/2023 0:00,
2,249,41,0,0,2,0,957839,9/15/2023 0:00,
2,249,44,0,0,2,0,957840,9/15/2023 0:00,
2,249,48,0,0,2,0,957841,9/15/2023 0:00,
2,249,50,0,0,2,0,957843,9/15/2023 0:00,
2,249,51,3456,0,2,0,939513,9/15/2023 0:00,
2,249,52,4056,0,2,0,939512,9/15/2023 0:00,
2,249,62,0,0,2,0,957842,9/15/2023 0:00,
2,249,99,3667.3,0,2,0,939510,9/15/2023 0:00,
2,250,1,7111,0,2,0476-59-71-87-,806924,10/10/2022 0:00,
2,250,8,226.66,0,2,zemy,808095,4/8/2023 0:00,
2,250,21,1212.76,0,2,0,808076,5/6/2023 0:00,
2,251,1,4272,0,2,zemy,819291,8/5/2023 0:00,
2,251,3,0,0,2,0,957844,9/15/2023 0:00,
2,251,4,30,0,2,0,939515,9/15/2023 0:00,
2,251,5,4272,0,2,0,939516,9/15/2023 0:00,
2,251,8,600,0,2,zemy,929290,8/5/2023 0:00,
2,251,11,0,0,2,0,957845,9/15/2023 0:00,
2,251,12,3.5,0,0,zemy,955631,9/11/2023 0:00,
2,251,13,136.29,0,2,0,956647,9/15/2023 0:00,
2,251,14,7,0,0,zemy,955632,9/11/2023 0:00,
2,251,15,311.5,0,2,0,956648,9/15/2023 0:00,
2,251,17,0,0,2,0,957846,9/15/2023 0:00,
2,251,21,641.46,0,2,0,819299,9/15/2023 0:00,
2,251,22,0,0,2,0,957847,9/15/2023 0:00,
2,251,23,0,0,2,0,957848,9/15/2023 0:00,
2,251,24,0,0,2,0,957849,9/15/2023 0:00,
2,251,25,0,0,2,0,957850,9/15/2023 0:00,
2,251,27,0,0,2,0,957851,9/15/2023 0:00,
2,251,33,0,0,2,0,957852,9/15/2023 0:00,
2,251,34,0,0,2,0,957853,9/15/2023 0:00,
2,251,35,0,0,2,0,957854,9/15/2023 0:00,
2,251,37,0,0,2,0,957855,9/15/2023 0:00,
2,251,39,0,0,2,0,957856,9/15/2023 0:00,
2,251,41,0,0,2,0,957857,9/15/2023 0:00,
2,251,44,0,0,2,0,957858,9/15/2023 0:00,
2,251,48,0,0,2,0,957859,9/15/2023 0:00,
2,251,50,447.79,0,2,0,956664,9/15/2023 0:00,
2,251,51,4719.79,0,2,0,939538,9/15/2023 0:00,
2,251,52,5319.79,0,2,0,939537,9/15/2023 0:00,
2,251,62,0,0,2,0,957860,9/15/2023 0:00,
2,251,99,4678.33,0,2,0,939535,9/15/2023 0:00,
2,252,1,2400,0,2,0476-59-71-87-,844826,2/6/2023 0:00,
2,252,21,217.5,0,2,0,844834,3/8/2023 0:00,
2,253,1,3900,0,2,zemy,848290,8/5/2023 0:00,
2,253,3,0,0,2,0,957861,9/15/2023 0:00,
2,253,4,30,0,2,0,939540,9/15/2023 0:00,
2,253,5,3900,0,2,0,939541,9/15/2023 0:00,
2,253,8,600,0,2,zemy,929291,8/5/2023 0:00,
2,253,11,0,0,2,0,957862,9/15/2023 0:00,
2,253,12,7,0,0,zemy,955665,9/11/2023 0:00,
2,253,13,248.83,0,2,0,956667,9/15/2023 0:00,
2,253,15,0,0,2,0,957863,9/15/2023 0:00,
2,253,17,0,0,2,0,957864,9/15/2023 0:00,
2,253,21,527.27,0,2,0,848298,9/15/2023 0:00,
2,253,22,0,0,2,0,957865,9/15/2023 0:00,
2,253,23,0,0,2,0,957866,9/15/2023 0:00,
2,253,24,0,0,2,0,957867,9/15/2023 0:00,
2,253,25,0,0,2,0,957868,9/15/2023 0:00,
2,253,27,0,0,2,0,957869,9/15/2023 0:00,
2,253,33,0,0,2,0,957870,9/15/2023 0:00,
2,253,34,0,0,2,0,957871,9/15/2023 0:00,
2,253,35,0,0,2,0,957872,9/15/2023 0:00,
2,253,37,0,0,2,0,957873,9/15/2023 0:00,
2,253,39,0,0,2,0,957874,9/15/2023 0:00,
2,253,41,0,0,2,0,957875,9/15/2023 0:00,
2,253,44,0,0,2,0,957876,9/15/2023 0:00,
2,253,48,0,0,2,0,957877,9/15/2023 0:00,
2,253,50,248.83,0,2,0,956684,9/15/2023 0:00,
2,253,51,4148.83,0,2,0,939563,9/15/2023 0:00,
2,253,52,4748.83,0,2,0,939562,9/15/2023 0:00,
2,253,62,0,0,2,0,957878,9/15/2023 0:00,
2,253,99,4221.56,0,2,0,939560,9/15/2023 0:00,
2,254,1,1800,0,2,zemy,856895,4/13/2023 0:00,
2,254,8,600,0,2,zemy,881756,4/13/2023 0:00,
2,254,21,127.5,0,2,0,858142,6/5/2023 0:00,
2,255,1,9400,0,2,0476-59-71-87-,856896,3/7/2023 0:00,
2,255,8,380,0,2,zemy,856897,3/7/2023 0:00,
2,255,21,1865.01,0,2,0,856905,4/8/2023 0:00,
2,256,1,15000,0,2,0476-59-71-87-,866679,4/7/2023 0:00,
2,256,3,0,0,2,0,957879,9/15/2023 0:00,
2,256,4,30,0,2,0,939565,9/15/2023 0:00,
2,256,5,15000,0,2,0,939566,9/15/2023 0:00,
2,256,8,600,0,2,zemy,866680,4/7/2023 0:00,
2,256,11,0,0,2,0,957880,9/15/2023 0:00,
2,256,13,0,0,2,0,957881,9/15/2023 0:00,
2,256,15,0,0,2,0,957882,9/15/2023 0:00,
2,256,17,0,0,2,0,957883,9/15/2023 0:00,
2,256,21,3750.02,0,2,0,866688,9/15/2023 0:00,
2,256,22,0,0,2,0,957884,9/15/2023 0:00,
2,256,23,0,0,2,0,957885,9/15/2023 0:00,
2,256,24,0,0,2,0,957886,9/15/2023 0:00,
2,256,25,0,0,2,0,957887,9/15/2023 0:00,
2,256,27,0,0,2,0,957888,9/15/2023 0:00,
2,256,33,0,0,2,0,957889,9/15/2023 0:00,
2,256,34,0,0,2,0,957890,9/15/2023 0:00,
2,256,35,0,0,2,0,957891,9/15/2023 0:00,
2,256,37,0,0,2,0,957892,9/15/2023 0:00,
2,256,39,0,0,2,0,957893,9/15/2023 0:00,
2,256,41,0,0,2,0,957894,9/15/2023 0:00,
2,256,44,0,0,2,0,957895,9/15/2023 0:00,
2,256,48,0,0,2,0,957896,9/15/2023 0:00,
2,256,50,0,0,2,0,957898,9/15/2023 0:00,
2,256,51,15000,0,2,0,939588,9/15/2023 0:00,
2,256,52,15600,0,2,0,939587,9/15/2023 0:00,
2,256,62,0,0,2,0,957897,9/15/2023 0:00,
2,256,99,11849.98,0,2,0,939585,9/15/2023 0:00,
2,257,1,7000,0,2,0476-59-71-87-,873099,4/8/2023 0:00,
2,257,8,600,0,2,zemy,882982,4/25/2023 0:00,
2,257,21,1185.01,0,2,0,873107,7/6/2023 0:00,
2,258,1,1800,0,2,zemy,884544,6/5/2023 0:00,
2,258,8,600,0,2,zemy,894036,5/11/2023 0:00,
2,258,21,127.5,0,2,0,895064,7/6/2023 0:00,
2,259,1,875,0,2,zemy,898679,6/5/2023 0:00,
2,259,21,27.5,0,2,0,898687,6/10/2023 0:00,
2,260,1,3871.88,0,1,zemy,898706,9/4/2023 0:00,
2,260,3,0,0,2,0,957899,9/15/2023 0:00,
2,260,4,30,0,2,0,937391,9/15/2023 0:00,
2,260,5,3871.88,0,2,0,937392,9/15/2023 0:00,
2,260,8,600,0,2,zemy,917942,7/6/2023 0:00,
2,260,11,0,0,2,0,957900,9/15/2023 0:00,
2,260,13,0,0,2,0,957901,9/15/2023 0:00,
2,260,15,0,0,2,0,957902,9/15/2023 0:00,
2,260,17,0,0,2,0,957903,9/15/2023 0:00,
2,260,21,471.88,0,2,0,898714,9/15/2023 0:00,
2,260,22,0,0,2,0,957904,9/15/2023 0:00,
2,260,23,0,0,2,0,957905,9/15/2023 0:00,
2,260,24,0,0,2,0,957906,9/15/2023 0:00,
2,260,25,0,0,2,0,957907,9/15/2023 0:00,
2,260,27,0,0,2,0,957908,9/15/2023 0:00,
2,260,33,0,0,2,0,957909,9/15/2023 0:00,
2,260,34,0,0,2,0,957910,9/15/2023 0:00,
2,260,35,0,0,2,0,957911,9/15/2023 0:00,
2,260,37,0,0,2,0,957912,9/15/2023 0:00,
2,260,39,0,0,2,0,957913,9/15/2023 0:00,
2,260,41,0,0,2,0,957914,9/15/2023 0:00,
2,260,44,0,0,2,0,957915,9/15/2023 0:00,
2,260,48,0,0,2,0,957916,9/15/2023 0:00,
2,260,50,0,0,2,0,957918,9/15/2023 0:00,
2,260,51,3871.88,0,2,0,937414,9/15/2023 0:00,
2,260,52,4471.88,0,2,0,937413,9/15/2023 0:00,
2,260,62,0,0,2,0,957917,9/15/2023 0:00,
2,260,99,4000,0,2,0,937411,9/15/2023 0:00,
2,261,1,2656,0,2,zemy,898733,7/6/2023 0:00,
2,261,4,30,0,2,0,939610,9/5/2023 0:00,
2,261,5,2656,0,2,0,939611,9/5/2023 0:00,
2,261,8,440,0,2,zemy,917843,8/10/2023 0:00,
2,261,21,255.9,0,2,0,898741,9/5/2023 0:00,
2,261,51,2656,0,2,0,939633,9/5/2023 0:00,
2,261,52,3096,0,2,0,939632,9/5/2023 0:00,
2,261,99,2840.1,0,2,0,939630,9/5/2023 0:00,
2,262,1,2400,0,2,zemy,898760,6/5/2023 0:00,
2,262,8,300,0,2,zemy,898761,7/6/2023 0:00,
2,262,21,60,0,2,0,898769,7/11/2023 0:00,
2,263,1,2656,0,2,0476-59-71-87-,917758,7/5/2023 0:00,
2,263,3,0,0,2,0,957919,9/15/2023 0:00,
2,263,4,30,0,2,0,937517,9/15/2023 0:00,
2,263,5,2656,0,2,0,937518,9/15/2023 0:00,
2,263,8,600,0,1,zemy,917813,9/4/2023 0:00,
2,263,11,0,0,2,0,957920,9/15/2023 0:00,
2,263,12,7,0,0,zemy,955653,9/11/2023 0:00,
2,263,13,169.45,0,2,0,956727,9/15/2023 0:00,
2,263,15,0,0,2,0,957921,9/15/2023 0:00,
2,263,17,0,0,2,0,957922,9/15/2023 0:00,
2,263,21,281.32,0,2,0,917794,9/15/2023 0:00,
2,263,22,0,0,2,0,957923,9/15/2023 0:00,
2,263,23,0,0,2,0,957924,9/15/2023 0:00,
2,263,24,0,0,2,0,957925,9/15/2023 0:00,
2,263,25,0,0,2,0,957926,9/15/2023 0:00,
2,263,27,0,0,2,0,957927,9/15/2023 0:00,
2,263,33,0,0,2,0,957928,9/15/2023 0:00,
2,263,34,0,0,2,0,957929,9/15/2023 0:00,
2,263,35,0,0,2,0,957930,9/15/2023 0:00,
2,263,37,0,0,2,0,957931,9/15/2023 0:00,
2,263,39,0,0,2,0,957932,9/15/2023 0:00,
2,263,41,0,0,2,0,957933,9/15/2023 0:00,
2,263,44,0,0,2,0,957934,9/15/2023 0:00,
2,263,48,0,0,2,0,957935,9/15/2023 0:00,
2,263,50,169.45,0,2,0,956744,9/15/2023 0:00,
2,263,51,2825.45,0,2,0,937540,9/15/2023 0:00,
2,263,52,3425.45,0,2,0,937539,9/15/2023 0:00,
2,263,62,0,0,2,0,957936,9/15/2023 0:00,
2,263,99,3144.13,0,2,0,937537,9/15/2023 0:00,
2,264,1,2656,0,2,0476-59-71-87-,917759,7/5/2023 0:00,
2,264,4,30,0,2,0,939655,9/5/2023 0:00,
2,264,5,2656,0,2,0,939656,9/5/2023 0:00,
2,264,8,460,0,2,zemy,917842,7/6/2023 0:00,
2,264,21,255.9,0,2,0,917950,9/5/2023 0:00,
2,264,51,2656,0,2,0,939678,9/5/2023 0:00,
2,264,52,3116,0,2,0,939677,9/5/2023 0:00,
2,264,99,2860.1,0,2,0,939675,9/5/2023 0:00,
2,265,1,2656,0,2,0476-59-71-87-,917760,7/5/2023 0:00,
2,265,3,0,0,2,0,957937,9/15/2023 0:00,
2,265,4,30,0,2,0,937542,9/15/2023 0:00,
2,265,5,2656,0,2,0,937543,9/15/2023 0:00,
2,265,8,600,0,1,zemy,917841,9/4/2023 0:00,
2,265,11,0,0,2,0,957938,9/15/2023 0:00,
2,265,12,10.5,0,0,zemy,955649,9/11/2023 0:00,
2,265,13,254.19,0,2,0,956747,9/15/2023 0:00,
2,265,14,12,0,0,zemy,955650,9/11/2023 0:00,
2,265,15,332,0,2,0,956748,9/15/2023 0:00,
2,265,17,0,0,2,0,957939,9/15/2023 0:00,
2,265,21,345.94,0,2,0,917822,9/15/2023 0:00,
2,265,22,0,0,2,0,957940,9/15/2023 0:00,
2,265,23,0,0,2,0,957941,9/15/2023 0:00,
2,265,24,0,0,2,0,957942,9/15/2023 0:00,
2,265,25,0,0,2,0,957943,9/15/2023 0:00,
2,265,27,0,0,2,0,957944,9/15/2023 0:00,
2,265,32,102.15,0,1,zemy,937654,9/4/2023 0:00,
2,265,33,0,0,2,0,957945,9/15/2023 0:00,
2,265,34,0,0,2,0,957946,9/15/2023 0:00,
2,265,35,0,0,2,0,957947,9/15/2023 0:00,
2,265,37,0,0,2,0,957948,9/15/2023 0:00,
2,265,39,0,0,2,0,957949,9/15/2023 0:00,
2,265,41,0,0,2,0,957950,9/15/2023 0:00,
2,265,44,0,0,2,0,957951,9/15/2023 0:00,
2,265,48,0,0,2,0,957952,9/15/2023 0:00,
2,265,50,586.19,0,2,0,956764,9/15/2023 0:00,
2,265,51,3242.19,0,2,0,937565,9/15/2023 0:00,
2,265,52,3842.19,0,2,0,937564,9/15/2023 0:00,
2,265,62,0,0,2,0,957953,9/15/2023 0:00,
2,265,99,3394.1,0,2,0,937562,9/15/2023 0:00,
2,266,1,2656,0,2,0476-59-71-87-,917786,7/5/2023 0:00,
2,266,3,0,0,2,0,957954,9/15/2023 0:00,
2,266,4,30,0,2,0,937620,9/15/2023 0:00,
2,266,5,2656,0,2,0,937621,9/15/2023 0:00,
2,266,8,600,0,2,zemy,917814,7/6/2023 0:00,
2,266,11,0,0,2,0,957955,9/15/2023 0:00,
2,266,12,7,0,0,zemy,955681,9/11/2023 0:00,
2,266,13,169.45,0,2,0,956767,9/15/2023 0:00,
2,266,14,7,0,0,zemy,955682,9/11/2023 0:00,
2,266,15,193.66,0,2,0,956768,9/15/2023 0:00,
2,266,17,0,0,2,0,957956,9/15/2023 0:00,
2,266,21,310.37,0,2,0,917976,9/15/2023 0:00,
2,266,22,0,0,2,0,957957,9/15/2023 0:00,
2,266,23,0,0,2,0,957958,9/15/2023 0:00,
2,266,24,0,0,2,0,957959,9/15/2023 0:00,
2,266,25,0,0,2,0,957960,9/15/2023 0:00,
2,266,27,0,0,2,0,957961,9/15/2023 0:00,
2,266,33,0,0,2,0,957962,9/15/2023 0:00,
2,266,34,0,0,2,0,957963,9/15/2023 0:00,
2,266,35,0,0,2,0,957964,9/15/2023 0:00,
2,266,37,0,0,2,0,957965,9/15/2023 0:00,
2,266,39,0,0,2,0,957966,9/15/2023 0:00,
2,266,41,0,0,2,0,957967,9/15/2023 0:00,
2,266,44,0,0,2,0,957968,9/15/2023 0:00,
2,266,48,0,0,2,0,957969,9/15/2023 0:00,
2,266,50,363.11,0,2,0,956784,9/15/2023 0:00,
2,266,51,3019.11,0,2,0,937643,9/15/2023 0:00,
2,266,52,3619.11,0,2,0,937642,9/15/2023 0:00,
2,266,62,0,0,2,0,957970,9/15/2023 0:00,
2,266,99,3308.74,0,2,0,937640,9/15/2023 0:00,
2,267,1,2400,0,2,0476-59-71-87-,924302,7/6/2023 0:00,
2,267,4,30,0,2,0,937467,9/5/2023 0:00,
2,267,5,2400,0,2,0,937468,9/5/2023 0:00,
2,267,8,600,0,2,zemy,924303,7/6/2023 0:00,
2,267,21,217.5,0,2,0,924311,9/5/2023 0:00,
2,267,51,2400,0,2,0,937490,9/5/2023 0:00,
2,267,52,3000,0,2,0,937489,9/5/2023 0:00,
2,267,99,2782.5,0,2,0,937487,9/5/2023 0:00,
2,268,1,2655.88,0,1,zemy,929366,9/4/2023 0:00,
2,268,3,0,0,2,0,957971,9/15/2023 0:00,
2,268,4,30,0,2,0,937442,9/15/2023 0:00,
2,268,5,2655.88,0,2,0,937443,9/15/2023 0:00,
2,268,8,600,0,1,zemy,937644,9/4/2023 0:00,
2,268,11,0,0,2,0,957972,9/15/2023 0:00,
2,268,12,14,0,0,zemy,955669,9/11/2023 0:00,
2,268,13,338.9,0,2,0,956787,9/15/2023 0:00,
2,268,14,6,0,0,zemy,955670,9/11/2023 0:00,
2,268,15,166,0,2,0,956788,9/15/2023 0:00,
2,268,17,0,0,2,0,957973,9/15/2023 0:00,
2,268,21,331.62,0,2,0,929374,9/15/2023 0:00,
2,268,22,0,0,2,0,957974,9/15/2023 0:00,
2,268,23,0,0,2,0,957975,9/15/2023 0:00,
2,268,24,0,0,2,0,957976,9/15/2023 0:00,
2,268,25,0,0,2,0,957977,9/15/2023 0:00,
2,268,27,0,0,2,0,957978,9/15/2023 0:00,
2,268,32,102.15,0,1,zemy,937656,9/4/2023 0:00,
2,268,33,0,0,2,0,957979,9/15/2023 0:00,
2,268,34,0,0,2,0,957980,9/15/2023 0:00,
2,268,35,0,0,2,0,957981,9/15/2023 0:00,
2,268,37,0,0,2,0,957982,9/15/2023 0:00,
2,268,39,0,0,2,0,957983,9/15/2023 0:00,
2,268,41,0,0,2,0,957984,9/15/2023 0:00,
2,268,44,0,0,2,0,957985,9/15/2023 0:00,
2,268,48,0,0,2,0,957986,9/15/2023 0:00,
2,268,50,504.9,0,2,0,956804,9/15/2023 0:00,
2,268,51,3160.78,0,2,0,937465,9/15/2023 0:00,
2,268,52,3760.78,0,2,0,937464,9/15/2023 0:00,
2,268,62,0,0,2,0,957987,9/15/2023 0:00,
2,268,99,3327.01,0,2,0,937462,9/15/2023 0:00,
2,269,1,3871.88,0,1,zemy,929393,9/4/2023 0:00,
2,269,3,0,0,2,0,957988,9/15/2023 0:00,
2,269,4,30,0,2,0,937417,9/15/2023 0:00,
2,269,5,3871.88,0,2,0,937418,9/15/2023 0:00,
2,269,8,600,0,1,zemy,937415,9/4/2023 0:00,
2,269,11,0,0,2,0,957989,9/15/2023 0:00,
2,269,13,0,0,2,0,957990,9/15/2023 0:00,
2,269,15,0,0,2,0,957991,9/15/2023 0:00,
2,269,17,0,0,2,0,957992,9/15/2023 0:00,
2,269,21,471.88,0,2,0,929401,9/15/2023 0:00,
2,269,22,0,0,2,0,957993,9/15/2023 0:00,
2,269,23,0,0,2,0,957994,9/15/2023 0:00,
2,269,24,0,0,2,0,957995,9/15/2023 0:00,
2,269,25,0,0,2,0,957996,9/15/2023 0:00,
2,269,27,0,0,2,0,957997,9/15/2023 0:00,
2,269,33,0,0,2,0,957998,9/15/2023 0:00,
2,269,34,0,0,2,0,957999,9/15/2023 0:00,
2,269,35,0,0,2,0,958000,9/15/2023 0:00,
2,269,37,0,0,2,0,958001,9/15/2023 0:00,
2,269,39,0,0,2,0,958002,9/15/2023 0:00,
2,269,41,0,0,2,0,958003,9/15/2023 0:00,
2,269,44,0,0,2,0,958004,9/15/2023 0:00,
2,269,48,0,0,2,0,958005,9/15/2023 0:00,
2,269,50,0,0,2,0,958007,9/15/2023 0:00,
2,269,51,3871.88,0,2,0,937440,9/15/2023 0:00,
2,269,52,4471.88,0,2,0,937439,9/15/2023 0:00,
2,269,62,0,0,2,0,958006,9/15/2023 0:00,
2,269,99,4000,0,2,0,937437,9/15/2023 0:00,
2,270,1,3372,0,2,0476-59-71-87-,929447,8/7/2023 0:00,
2,270,3,0,0,2,0,958008,9/15/2023 0:00,
2,270,4,30,0,2,0,937492,9/15/2023 0:00,
2,270,5,3372,0,2,0,937493,9/15/2023 0:00,
2,270,11,0,0,2,0,958009,9/15/2023 0:00,
2,270,12,14,0,0,zemy,955667,9/11/2023 0:00,
2,270,13,430.29,0,2,0,956827,9/15/2023 0:00,
2,270,14,12,0,0,zemy,955668,9/11/2023 0:00,
2,270,15,421.5,0,2,0,956828,9/15/2023 0:00,
2,270,17,0,0,2,0,958010,9/15/2023 0:00,
2,270,21,542.26,0,2,0,929456,9/15/2023 0:00,
2,270,22,0,0,2,0,958011,9/15/2023 0:00,
2,270,23,0,0,2,0,958012,9/15/2023 0:00,
2,270,24,0,0,2,0,958013,9/15/2023 0:00,
2,270,25,0,0,2,0,958014,9/15/2023 0:00,
2,270,27,0,0,2,0,958015,9/15/2023 0:00,
2,270,32,148.61,0,1,zemy,937657,9/4/2023 0:00,
2,270,33,0,0,2,0,958016,9/15/2023 0:00,
2,270,34,0,0,2,0,958017,9/15/2023 0:00,
2,270,35,0,0,2,0,958018,9/15/2023 0:00,
2,270,37,0,0,2,0,958019,9/15/2023 0:00,
2,270,39,0,0,2,0,958020,9/15/2023 0:00,
2,270,41,0,0,2,0,958021,9/15/2023 0:00,
2,270,44,0,0,2,0,958022,9/15/2023 0:00,
2,270,48,0,0,2,0,958023,9/15/2023 0:00,
2,270,50,851.79,0,2,0,956844,9/15/2023 0:00,
2,270,51,4223.79,0,2,0,937515,9/15/2023 0:00,
2,270,52,4223.79,0,2,0,937514,9/15/2023 0:00,
2,270,62,0,0,2,0,958024,9/15/2023 0:00,
2,270,99,3532.92,0,2,0,937512,9/15/2023 0:00,
2,271,1,4622,0,2,0476-59-71-87-,929479,8/7/2023 0:00,
2,271,3,0,0,2,0,958025,9/15/2023 0:00,
2,271,4,30,0,2,0,937567,9/15/2023 0:00,
2,271,5,4622,0,2,0,937568,9/15/2023 0:00,
2,271,11,0,0,2,0,958026,9/15/2023 0:00,
2,271,12,3.5,0,0,zemy,955651,9/11/2023 0:00,
2,271,13,147.46,0,2,0,956847,9/15/2023 0:00,
2,271,14,5,0,0,zemy,955652,9/11/2023 0:00,
2,271,15,240.72,0,2,0,956848,9/15/2023 0:00,
2,271,17,0,0,2,0,958027,9/15/2023 0:00,
2,271,21,699.54,0,2,0,929487,9/15/2023 0:00,
2,271,22,0,0,2,0,958028,9/15/2023 0:00,
2,271,23,0,0,2,0,958029,9/15/2023 0:00,
2,271,24,0,0,2,0,958030,9/15/2023 0:00,
2,271,25,0,0,2,0,958031,9/15/2023 0:00,
2,271,27,0,0,2,0,958032,9/15/2023 0:00,
2,271,32,177.77,0,1,zemy,937655,9/4/2023 0:00,
2,271,33,0,0,2,0,958033,9/15/2023 0:00,
2,271,34,0,0,2,0,958034,9/15/2023 0:00,
2,271,35,0,0,2,0,958035,9/15/2023 0:00,
2,271,37,0,0,2,0,958036,9/15/2023 0:00,
2,271,39,0,0,2,0,958037,9/15/2023 0:00,
2,271,41,0,0,2,0,958038,9/15/2023 0:00,
2,271,44,0,0,2,0,958039,9/15/2023 0:00,
2,271,46,1000,0,1,zemy,937387,8/22/2023 0:00,
2,271,48,0,0,2,0,958040,9/15/2023 0:00,
2,271,50,388.18,0,2,0,956864,9/15/2023 0:00,
2,271,51,5010.18,0,2,0,937590,9/15/2023 0:00,
2,271,52,5010.18,0,2,0,937589,9/15/2023 0:00,
2,271,62,0,0,2,0,958041,9/15/2023 0:00,
2,271,99,3132.87,0,2,0,937587,9/15/2023 0:00,
2,272,1,2655.88,0,1,0476-59-71-87-,937591,9/4/2023 0:00,
2,272,3,0,0,2,0,958042,9/15/2023 0:00,
2,272,4,30,0,2,0,937593,9/15/2023 0:00,
2,272,5,2655.88,0,2,0,937594,9/15/2023 0:00,
2,272,8,600,0,1,zemy,937618,9/4/2023 0:00,
2,272,11,0,0,2,0,958043,9/15/2023 0:00,
2,272,13,0,0,2,0,958044,9/15/2023 0:00,
2,272,15,0,0,2,0,958045,9/15/2023 0:00,
2,272,17,0,0,2,0,958046,9/15/2023 0:00,
2,272,21,255.88,0,2,0,937599,9/15/2023 0:00,
2,272,22,0,0,2,0,958047,9/15/2023 0:00,
2,272,23,0,0,2,0,958048,9/15/2023 0:00,
2,272,24,0,0,2,0,958049,9/15/2023 0:00,
2,272,25,0,0,2,0,958050,9/15/2023 0:00,
2,272,27,0,0,2,0,958051,9/15/2023 0:00,
2,272,33,0,0,2,0,958052,9/15/2023 0:00,
2,272,34,0,0,2,0,958053,9/15/2023 0:00,
2,272,35,0,0,2,0,958054,9/15/2023 0:00,
2,272,37,0,0,2,0,958055,9/15/2023 0:00,
2,272,39,0,0,2,0,958056,9/15/2023 0:00,
2,272,41,0,0,2,0,958057,9/15/2023 0:00,
2,272,44,0,0,2,0,958058,9/15/2023 0:00,
2,272,48,0,0,2,0,958059,9/15/2023 0:00,
2,272,50,0,0,2,0,958061,9/15/2023 0:00,
2,272,51,2655.88,0,2,0,937617,9/15/2023 0:00,
2,272,52,3255.88,0,2,0,937616,9/15/2023 0:00,
2,272,62,0,0,2,0,958060,9/15/2023 0:00,
2,272,99,3000,0,2,0,937614,9/15/2023 0:00,
2,273,1,4000,0,1,0476-59-71-87-,938275,9/4/2023 0:00,
2,273,3,0,0,2,0,958062,9/15/2023 0:00,
2,273,4,15,0,2,0,938278,9/15/2023 0:00,
2,273,5,2000,0,2,0,938279,9/15/2023 0:00,
2,273,8,600,0,1,zemy,938276,9/4/2023 0:00,
2,273,11,0,0,2,0,958063,9/15/2023 0:00,
2,273,13,0,0,2,0,958064,9/15/2023 0:00,
2,273,15,0,0,2,0,958065,9/15/2023 0:00,
2,273,17,0,0,2,0,958066,9/15/2023 0:00,
2,273,21,157.5,0,2,0,938284,9/15/2023 0:00,
2,273,22,0,0,2,0,958067,9/15/2023 0:00,
2,273,23,0,0,2,0,958068,9/15/2023 0:00,
2,273,24,0,0,2,0,958069,9/15/2023 0:00,
2,273,25,0,0,2,0,958070,9/15/2023 0:00,
2,273,27,0,0,2,0,958071,9/15/2023 0:00,
2,273,33,0,0,2,0,958072,9/15/2023 0:00,
2,273,34,0,0,2,0,958073,9/15/2023 0:00,
2,273,35,0,0,2,0,958074,9/15/2023 0:00,
2,273,37,0,0,2,0,958075,9/15/2023 0:00,
2,273,39,0,0,2,0,958076,9/15/2023 0:00,
2,273,41,0,0,2,0,958077,9/15/2023 0:00,
2,273,44,0,0,2,0,958078,9/15/2023 0:00,
2,273,48,0,0,2,0,958079,9/15/2023 0:00,
2,273,50,0,0,2,0,958081,9/15/2023 0:00,
2,273,51,2000,0,2,0,938302,9/15/2023 0:00,
2,273,52,2600,0,2,0,938301,9/15/2023 0:00,
2,273,62,0,0,2,0,958080,9/15/2023 0:00,
2,273,99,2442.5,0,2,0,938299,9/15/2023 0:00,
2,274,1,3871.88,0,1,zemy,938303,9/5/2023 0:00,
2,274,3,0,0,2,0,958082,9/15/2023 0:00,
2,274,4,15,0,2,0,938306,9/15/2023 0:00,
2,274,5,1935.94,0,2,0,938307,9/15/2023 0:00,
2,274,8,600,0,1,zemy,938304,9/5/2023 0:00,
2,274,11,0,0,2,0,958083,9/15/2023 0:00,
2,274,13,0,0,2,0,958084,9/15/2023 0:00,
2,274,15,0,0,2,0,958085,9/15/2023 0:00,
2,274,17,0,0,2,0,958086,9/15/2023 0:00,
2,274,21,147.89,0,2,0,938312,9/15/2023 0:00,
2,274,22,0,0,2,0,958087,9/15/2023 0:00,
2,274,23,0,0,2,0,958088,9/15/2023 0:00,
2,274,24,0,0,2,0,958089,9/15/2023 0:00,
2,274,25,0,0,2,0,958090,9/15/2023 0:00,
2,274,27,0,0,2,0,958091,9/15/2023 0:00,
2,274,33,0,0,2,0,958092,9/15/2023 0:00,
2,274,34,0,0,2,0,958093,9/15/2023 0:00,
2,274,35,0,0,2,0,958094,9/15/2023 0:00,
2,274,37,0,0,2,0,958095,9/15/2023 0:00,
2,274,39,0,0,2,0,958096,9/15/2023 0:00,
2,274,41,0,0,2,0,958097,9/15/2023 0:00,
2,274,44,0,0,2,0,958098,9/15/2023 0:00,
2,274,48,0,0,2,0,958099,9/15/2023 0:00,
2,274,50,0,0,2,0,958101,9/15/2023 0:00,
2,274,51,1935.94,0,2,0,938330,9/15/2023 0:00,
2,274,52,2535.94,0,2,0,938329,9/15/2023 0:00,
2,274,62,0,0,2,0,958100,9/15/2023 0:00,
2,274,99,2388.05,0,2,0,938327,9/15/2023 0:00,
2,275,1,4000,0,1,0476-59-71-87-,938331,9/5/2023 0:00,
2,275,3,0,0,2,0,958102,9/15/2023 0:00,
2,275,4,25,0,2,0,938334,9/15/2023 0:00,
2,275,5,3333.33,0,2,0,938335,9/15/2023 0:00,
2,275,8,600,0,1,zemy,938332,9/5/2023 0:00,
2,275,11,0,0,2,0,958103,9/15/2023 0:00,
2,275,13,0,0,2,0,958104,9/15/2023 0:00,
2,275,15,0,0,2,0,958105,9/15/2023 0:00,
2,275,17,0,0,2,0,958106,9/15/2023 0:00,
2,275,21,364.17,0,2,0,938340,9/15/2023 0:00,
2,275,22,0,0,2,0,958107,9/15/2023 0:00,
2,275,23,0,0,2,0,958108,9/15/2023 0:00,
2,275,24,0,0,2,0,958109,9/15/2023 0:00,
2,275,25,0,0,2,0,958110,9/15/2023 0:00,
2,275,27,0,0,2,0,958111,9/15/2023 0:00,
2,275,33,0,0,2,0,958112,9/15/2023 0:00,
2,275,34,0,0,2,0,958113,9/15/2023 0:00,
2,275,35,0,0,2,0,958114,9/15/2023 0:00,
2,275,37,0,0,2,0,958115,9/15/2023 0:00,
2,275,39,0,0,2,0,958116,9/15/2023 0:00,
2,275,41,0,0,2,0,958117,9/15/2023 0:00,
2,275,44,0,0,2,0,958118,9/15/2023 0:00,
2,275,48,0,0,2,0,958119,9/15/2023 0:00,
2,275,50,0,0,2,0,958121,9/15/2023 0:00,
2,275,51,3333.33,0,2,0,938358,9/15/2023 0:00,
2,275,52,3933.33,0,2,0,938357,9/15/2023 0:00,
2,275,62,0,0,2,0,958120,9/15/2023 0:00,
2,275,99,3569.16,0,2,0,938355,9/15/2023 0:00,
2,1803,18,2000,0,2,zemy,929315,8/7/2023 0:00,
